layer,old,new,occurrences,files
e2e-scripts,lignes,lines,59,e2e/tests/espacement.spec.js;e2e/tests/refonte-ecran02.spec.js;e2e/tests/refonte-volets.spec.js;e2e/tests/retours-14-reception.spec.js;e2e/tests/sections-liste.spec.js;e2e/tests/selection-multiple.spec.js
e2e-scripts,dossier,folder,55,e2e/capture-accueil.mjs;e2e/diag-v2.mjs;e2e/rebuild-v2.mjs;e2e/tests/refonte-defilement.spec.js;e2e/tests/refonte-ecran02.spec.js;e2e/tests/refonte-retours-3.spec.js;e2e/tests/refonte-volets.spec.js;e2e/tests/selection-multiple.spec.js;scripts/mesurer-sessions.mjs
e2e-scripts,volet,pane,49,e2e/tests/barres-fil.spec.js;e2e/tests/refonte-ecran02.spec.js;e2e/tests/refonte-retours-8.spec.js;e2e/tests/repere-ligne.spec.js;e2e/tests/retours-12-entete.spec.js;e2e/tests/retours-14.spec.js
e2e-scripts,cadre,frame,35,e2e/geste-defilement.mjs;e2e/tests/barres-fil.spec.js;e2e/tests/espacement.spec.js;e2e/tests/refonte-ecran02.spec.js;e2e/tests/refonte-retours-7.spec.js;e2e/tests/repere-ligne.spec.js;e2e/tests/retours-14-reception.spec.js;e2e/tests/retours-14.spec.js
e2e-scripts,carte,card,35,e2e/tests/mode-organise.spec.js;e2e/tests/refonte-ecran02.spec.js;e2e/tests/refonte-invitations.spec.js
e2e-scripts,barre,bar,34,e2e/tests/barres-fil.spec.js;e2e/tests/retours-14.spec.js;e2e/tests/selection-multiple.spec.js
e2e-scripts,ligne,line,29,e2e/tests/refonte-ecran02.spec.js;e2e/tests/refonte-parcours-portes.spec.js;e2e/tests/refonte-retours-3.spec.js;e2e/tests/refonte-retours-7.spec.js;e2e/tests/retours-14-reception.spec.js;scripts/mesurer-sessions.mjs
e2e-scripts,nom,name,29,e2e/coherence-systeme.mjs;e2e/flaky.mjs;e2e/garde-thread-principal.mjs;e2e/launch.mjs;e2e/tests/kiosque-images.spec.js;e2e/tests/mode-organise.spec.js;e2e/tests/retours-14-reception.spec.js
e2e-scripts,corps,body,27,e2e/garde-thread-principal.mjs;e2e/tests/refonte-ecran02.spec.js;e2e/tests/refonte-parcours-portes.spec.js;e2e/tests/refonte-retours-6.spec.js;e2e/tests/refonte-retours-7.spec.js
e2e-scripts,rangee,row,25,e2e/tests/menu-clavier.spec.js;e2e/tests/refonte-retours-7.spec.js;e2e/tests/repere-ligne.spec.js;e2e/tests/retours-9-nom-compte.spec.js
e2e-scripts,avant,before,20,e2e/tests/espacement.spec.js;e2e/tests/nettoyage.spec.js;e2e/tests/refonte-ecran02.spec.js;e2e/tests/refonte-parcours-portes.spec.js;e2e/tests/refonte-retours-6.spec.js;e2e/tests/refonte-retours-7.spec.js;e2e/tests/refonte-volets.spec.js
e2e-scripts,comptes,accounts,19,e2e/mesure-v2.mjs;e2e/tests/banc-ram-kiosque.spec.js;e2e/tests/espacement.spec.js;e2e/tests/horizon-import.spec.js;e2e/tests/kiosque-images.spec.js;e2e/tests/mode-organise.spec.js;e2e/tests/nettoyage.spec.js;e2e/tests/refonte-defilement.spec.js;e2e/tests/refonte-parcours-portes.spec.js;e2e/tests/refonte-reconnexion.spec.js;e2e/tests/refonte-retours-8.spec.js;e2e/tests/refonte-retrait-compte.spec.js;e2e/tests/retours-12.spec.js;e2e/tests/retours-14-reception.spec.js;e2e/tests/retours-14.spec.js;e2e/tests/retours-9-nom-compte.spec.js
e2e-scripts,texte,text,18,e2e/garde-thread-principal.mjs;scripts/mesurer-sessions.mjs
e2e-scripts,pastille,badge,17,e2e/tests/refonte-ecran02.spec.js;e2e/tests/retours-14-reception.spec.js;e2e/tests/selection-multiple.spec.js
e2e-scripts,groupes,groups,16,e2e/tests/nettoyage.spec.js;e2e/tests/retours-14-reception.spec.js
e2e-scripts,boiteNav,navMailbox,15,e2e/tests/refonte-retours-8.spec.js;e2e/tests/repere-ligne.spec.js;e2e/tests/retours-9-nom-compte.spec.js
e2e-scripts,rang,rank,14,e2e/tests/mode-organise.spec.js;e2e/tests/nettoyage.spec.js
e2e-scripts,sonde,probe,14,e2e/port-cdp.mjs;e2e/tests/demarrage.spec.js;e2e/tests/refonte-ecran02.spec.js
e2e-scripts,titre,title,14,e2e/tests/refonte-ecran02.spec.js;e2e/tests/repere-ligne.spec.js;e2e/tests/retours-14-reception.spec.js
e2e-scripts,mesure,measure,13,e2e/mesure-scrollbar.mjs;e2e/tests/espacement.spec.js
e2e-scripts,premiere,first,13,e2e/tests/mode-organise.spec.js;e2e/tests/refonte-ecran02.spec.js;e2e/tests/repere-ligne.spec.js
e2e-scripts,bouton,button,12,e2e/tests/refonte-ecran02.spec.js
e2e-scripts,largeur,width,12,e2e/capture-accueil.mjs;e2e/tests/refonte-volets.spec.js
e2e-scripts,regle,rule,12,e2e/tests/kiosque-images.spec.js;e2e/tests/mode-organise.spec.js;e2e/tests/refonte-ecran02.spec.js;e2e/tests/retours-14-reception.spec.js
e2e-scripts,Ligne,Line,11,scripts/terrain.ps1
e2e-scripts,caseDe,checkboxOf,11,e2e/tests/selection-multiple.spec.js
e2e-scripts,epingler,pin,11,e2e/tests/espacement.spec.js;e2e/tests/refonte-retours-7.spec.js
e2e-scripts,injecterArrivee,injectArrival,11,e2e/launch.mjs;e2e/tests/kiosque-images.spec.js;e2e/tests/mode-organise.spec.js;e2e/tests/retours-14-reception.spec.js
e2e-scripts,jeton,token,11,e2e/coherence-systeme.mjs
e2e-scripts,journal,log,11,e2e/tests/demarrage.spec.js;e2e/tests/refonte-defilement.spec.js
e2e-scripts,blocs,blocks,10,e2e/tests/refonte-retours-8.spec.js;e2e/tests/repere-ligne.spec.js
e2e-scripts,cartes,cards,10,e2e/tests/banc-ram-kiosque.spec.js;e2e/tests/kiosque-images.spec.js
e2e-scripts,piece,attachment,10,e2e/tests/refonte-ecran02.spec.js;e2e/tests/refonte-retours-7.spec.js
e2e-scripts,reste,remaining,10,e2e/garde-thread-principal.mjs
e2e-scripts,tri,sort,10,e2e/tests/retours-14-reception.spec.js
e2e-scripts,compte,account,9,e2e/launch.mjs;e2e/tests/refonte-defilement.spec.js
e2e-scripts,debut,start,9,scripts/mesurer-sessions.mjs
e2e-scripts,depart,departure,9,e2e/garde-thread-principal.mjs;e2e/tests/refonte-ecran02.spec.js
e2e-scripts,fond,bg,9,e2e/contraste.mjs;e2e/tests/refonte-retours-6.spec.js
e2e-scripts,gestes,gestures,9,e2e/tests/refonte-invitations.spec.js;e2e/tests/selection-multiple.spec.js
e2e-scripts,objet,subject,9,e2e/tests/refonte-ecran02.spec.js;e2e/tests/refonte-retours-7.spec.js
e2e-scripts,purgerOAuth,purgeOAuth,9,e2e/diag-v2.mjs;e2e/isolation.mjs;e2e/launch.mjs;e2e/mesure-defilement.mjs;e2e/mesure-v2.mjs
e2e-scripts,Etape,Step,8,scripts/gate.ps1
e2e-scripts,bloc,block,8,e2e/tests/refonte-ecran02.spec.js;e2e/tests/repere-ligne.spec.js
e2e-scripts,boite,mailbox,8,e2e/tests/refonte-volets.spec.js;e2e/tests/repere-ligne.spec.js
e2e-scripts,cle,key,8,e2e/launch.mjs;e2e/rebuild-v2.mjs;e2e/tests/refonte-ecran02.spec.js;scripts/mesurer-sessions.mjs
e2e-scripts,entree,entry,8,e2e/rebuild-v2.mjs;e2e/tests/refonte-ecran02.spec.js;e2e/tests/refonte-retours-6.spec.js
e2e-scripts,etapes,steps,8,e2e/launch.mjs
e2e-scripts,noms,names,8,e2e/tests/mode-organise.spec.js;e2e/tests/retours-14-reception.spec.js
e2e-scripts,reponse,reply,8,e2e/tests/barres-fil.spec.js
e2e-scripts,serveur,server,8,e2e/port-cdp.test.mjs
e2e-scripts,Dire,Say,7,scripts/verifier-release.ps1
e2e-scripts,actif,active,7,e2e/tests/menu-clavier.spec.js
e2e-scripts,nLignes,lineCount,7,e2e/tests/refonte-retours-8.spec.js;e2e/tests/repere-ligne.spec.js
e2e-scripts,purgerCacheHttp,purgeHttpCache,7,e2e/launch.mjs;e2e/mesure-defilement.mjs;e2e/mesure-v2.mjs;e2e/rebuild-v2.mjs
e2e-scripts,rangees,rows,7,e2e/tests/refonte-reconnexion.spec.js;e2e/tests/retours-12.spec.js
e2e-scripts,avantIndex,indexBefore,6,e2e/tests/espacement.spec.js
e2e-scripts,fil,thread,6,e2e/tests/refonte-ecran02.spec.js
e2e-scripts,fin,end,6,e2e/garde-thread-principal.mjs
e2e-scripts,heure,time,6,e2e/tests/repere-ligne.spec.js
e2e-scripts,jetons,tokens,6,e2e/coherence-systeme.mjs;e2e/jetons.mjs
e2e-scripts,routages,routings,6,e2e/tests/mode-organise.spec.js;e2e/tests/retours-14-reception.spec.js
e2e-scripts,teintesRust,rustHues,6,e2e/coherence-systeme.mjs
e2e-scripts,themesCss,cssThemes,6,e2e/coherence-systeme.mjs
e2e-scripts,vide,empty,6,e2e/tests/sections-liste.spec.js
e2e-scripts,apres,after,5,e2e/tests/espacement.spec.js;e2e/tests/refonte-retours-6.spec.js
e2e-scripts,avantSujet,subjectBefore,5,e2e/tests/espacement.spec.js
e2e-scripts,champA,toField,5,e2e/tests/refonte-ecran02.spec.js
e2e-scripts,colonne,column,5,e2e/tests/barres-fil.spec.js;e2e/tests/repere-ligne.spec.js
e2e-scripts,compareListes,compareLists,5,e2e/coherence-systeme.mjs
e2e-scripts,haut,top,5,e2e/tests/espacement.spec.js;e2e/tests/refonte-ecran02.spec.js
e2e-scripts,ligneAtelier,workshopRow,5,e2e/tests/refonte-invitations.spec.js
e2e-scripts,menuTri,sortMenu,5,e2e/tests/retours-14-reception.spec.js
e2e-scripts,nuit,night,5,e2e/contraste.mjs
e2e-scripts,ouvrirAtelier,openWorkshop,5,e2e/tests/refonte-invitations.spec.js
e2e-scripts,progression,progress,5,e2e/tests/refonte-ecran02.spec.js
e2e-scripts,sujetAuSommet,subjectAtTop,5,e2e/tests/espacement.spec.js
e2e-scripts,teinte,hue,5,e2e/coherence-systeme.mjs
e2e-scripts,themesDoc,docThemes,5,e2e/coherence-systeme.mjs
e2e-scripts,TEMOIN_THEME,THEME_WITNESS,4,e2e/global-teardown.mjs
e2e-scripts,adresse,address,4,e2e/tests/retours-14-reception.spec.js
e2e-scripts,champCc,ccField,4,e2e/tests/refonte-ecran02.spec.js
e2e-scripts,commandes,commands,4,e2e/garde-thread-principal.mjs;e2e/tests/selection-multiple.spec.js
e2e-scripts,derniere,last,4,e2e/tests/kiosque-images.spec.js
e2e-scripts,envoi,send,4,e2e/tests/repere-ligne.spec.js
e2e-scripts,erreur,error,4,e2e/tests/refonte-onboarding.spec.js
e2e-scripts,garde,guard,4,e2e/tests/kiosque-images.spec.js
e2e-scripts,groupe,group,4,e2e/contraste.mjs
e2e-scripts,historique,history,4,e2e/tests/mode-organise.spec.js
e2e-scripts,iconesJs,jsIcons,4,e2e/coherence-systeme.mjs
e2e-scripts,jetonsDoc,docTokens,4,e2e/coherence-systeme.mjs
e2e-scripts,marque,brand,4,e2e/tests/refonte-retours-6.spec.js
e2e-scripts,nomsCatalogue,catalogNames,4,e2e/coherence-systeme.mjs
e2e-scripts,nomsDoc,docNames,4,e2e/coherence-systeme.mjs
e2e-scripts,padGauche,leftPad,4,e2e/tests/selection-multiple.spec.js
e2e-scripts,premiereLue,firstRead,4,e2e/tests/sections-liste.spec.js
e2e-scripts,rangPortier,screenerRank,4,e2e/tests/mode-organise.spec.js
e2e-scripts,sousAgents,subagents,4,scripts/mesurer-sessions.mjs
e2e-scripts,sujet,subject,4,e2e/tests/menu-clavier.spec.js;e2e/tests/refonte-retours-7.spec.js
e2e-scripts,SONDES,PROBES,3,e2e/tests/demarrage.spec.js
e2e-scripts,aCocher,toCheck,3,e2e/tests/selection-multiple.spec.js
e2e-scripts,accueil,onboarding,3,e2e/tests/refonte-retours-8.spec.js
e2e-scripts,bas,bottom,3,e2e/tests/refonte-ecran02.spec.js
e2e-scripts,blocEnvoi,sendBlock,3,e2e/tests/repere-ligne.spec.js
e2e-scripts,boiteCadre,mailboxFrame,3,e2e/tests/retours-14-reception.spec.js
e2e-scripts,choix,choice,3,e2e/tests/refonte-langue.spec.js
e2e-scripts,commande,command,3,e2e/rebuild-v2.mjs
e2e-scripts,compteDepart,startAccount,3,e2e/tests/refonte-defilement.spec.js
e2e-scripts,dejaConstruits,alreadyBuilt,3,e2e/rebuild-v2.mjs
e2e-scripts,encore,still,3,e2e/tests/refonte-ecran02.spec.js
e2e-scripts,encreClaire,lightInk,3,e2e/contraste.mjs
e2e-scripts,encreSombre,darkInk,3,e2e/contraste.mjs
e2e-scripts,etape,step,3,e2e/launch.mjs
e2e-scripts,etiquette,label,3,e2e/tests/retours-14-reception.spec.js
e2e-scripts,fente,slot,3,e2e/tests/refonte-retours-6.spec.js
e2e-scripts,fermer,close,3,e2e/port-cdp.test.mjs
e2e-scripts,fondDe,bgOf,3,e2e/tests/refonte-retours-7.spec.js
e2e-scripts,glyphe,glyph,3,e2e/contraste.mjs
e2e-scripts,iSonde,probeIndex,3,e2e/tests/demarrage.spec.js
e2e-scripts,iconesRust,rustIcons,3,e2e/coherence-systeme.mjs
e2e-scripts,lireFichier,readFile,3,scripts/mesurer-sessions.mjs
e2e-scripts,listeJs,jsList,3,e2e/coherence-systeme.mjs
e2e-scripts,listeRust,rustList,3,e2e/coherence-systeme.mjs
e2e-scripts,nTraces,traceCount,3,e2e/tests/refonte-retours-8.spec.js
e2e-scripts,non,no,3,e2e/tests/mode-organise.spec.js
e2e-scripts,oui,yes,3,e2e/tests/mode-organise.spec.js
e2e-scripts,page0Arrivee,page0Arrival,3,e2e/tests/refonte-defilement.spec.js
e2e-scripts,pieceConv,convAttachment,3,e2e/tests/refonte-volets.spec.js
e2e-scripts,rangReception,inboxRank,3,e2e/tests/mode-organise.spec.js
e2e-scripts,reperes,markers,3,e2e/jetons.mjs
e2e-scripts,suivante,next,3,e2e/tests/refonte-ecran02.spec.js
e2e-scripts,tenu,held,3,e2e/port-cdp.test.mjs
e2e-scripts,volets,panes,3,e2e/capture-accueil.mjs
e2e-scripts,vue,view,3,e2e/capture-accueil.mjs
e2e-scripts,CLES_LOCALES,LOCAL_KEYS,2,e2e/launch.mjs
e2e-scripts,FONDS_REPERE,MARKER_BGS,2,e2e/contraste.mjs
e2e-scripts,HORS_POMPE,OFF_PUMP,2,e2e/garde-thread-principal.mjs
e2e-scripts,REPERE_FAMILLES,MARKER_FAMILIES,2,e2e/contraste.mjs
e2e-scripts,SEUIL_MS,THRESHOLD_MS,2,scripts/mesurer-sessions.mjs
e2e-scripts,archiver,archive,2,e2e/tests/barres-fil.spec.js
e2e-scripts,auRepere,atMarker,2,e2e/tests/refonte-retours-8.spec.js
e2e-scripts,barreSticky,stickyBar,2,e2e/tests/barres-fil.spec.js
e2e-scripts,brouillons,drafts,2,e2e/tests/refonte-retours-6.spec.js
e2e-scripts,categorie,category,2,scripts/mesurer-sessions.mjs
e2e-scripts,chantier,job,2,e2e/launch.mjs
e2e-scripts,cible,target,2,e2e/geste-defilement.mjs
e2e-scripts,corbeille,trash,2,e2e/tests/selection-multiple.spec.js
e2e-scripts,court,short,2,e2e/tests/espacement.spec.js
e2e-scripts,dansLaGlu,inTheGlue,2,e2e/garde-thread-principal.mjs
e2e-scripts,depuis,since,2,scripts/mesurer-sessions.mjs
e2e-scripts,depuisDefaut,sinceDefault,2,scripts/mesurer-sessions.mjs
e2e-scripts,filet,net,2,e2e/tests/refonte-ecran02.spec.js
e2e-scripts,fondPastille,badgeBg,2,e2e/tests/refonte-ecran02.spec.js
e2e-scripts,heureEnvoi,sendTime,2,e2e/tests/repere-ligne.spec.js
e2e-scripts,iListe,listIndex,2,e2e/tests/demarrage.spec.js
e2e-scripts,interdit,forbidden,2,e2e/coherence-systeme.mjs
e2e-scripts,largeurAvant,widthBefore,2,e2e/tests/refonte-retours-7.spec.js
e2e-scripts,lireSession,readSession,2,scripts/mesurer-sessions.mjs
e2e-scripts,liste,list,2,e2e/tests/refonte-defilement.spec.js
e2e-scripts,marge,margin,2,e2e/tests/barres-fil.spec.js
e2e-scripts,murBloque,blockedWall,2,scripts/mesurer-sessions.mjs
e2e-scripts,nomNon,nameNo,2,e2e/tests/nettoyage.spec.js
e2e-scripts,ombre,shadow,2,e2e/tests/refonte-retours-7.spec.js
e2e-scripts,parDate,byDate,2,e2e/tests/retours-14-reception.spec.js
e2e-scripts,pastilles,badges,2,e2e/coherence-systeme.mjs
e2e-scripts,portTenu,heldPort,2,e2e/port-cdp.test.mjs
e2e-scripts,reperesJs,markersJs,2,e2e/coherence-systeme.mjs
e2e-scripts,reponseOmbre,shadowReply,2,e2e/tests/barres-fil.spec.js
e2e-scripts,reponseSticky,stickyReply,2,e2e/tests/barres-fil.spec.js
e2e-scripts,retour,back,2,e2e/tests/barres-fil.spec.js
e2e-scripts,sansLesAppels,withoutCalls,2,e2e/garde-thread-principal.mjs
e2e-scripts,sous,under,2,e2e/flaky.mjs
e2e-scripts,teinteSel,selHue,2,e2e/tests/selection-multiple.spec.js
e2e-scripts,teintesCss,cssHues,2,e2e/coherence-systeme.mjs
e2e-scripts,teintesTrace,traceHues,2,e2e/coherence-systeme.mjs
e2e-scripts,tete,head,2,e2e/tests/refonte-retours-6.spec.js
e2e-scripts,videBas,emptyBottom,2,e2e/tests/sections-liste.spec.js
e2e-scripts,NOMBRE_ATTENDU,EXPECTED_COUNT,1,e2e/jetons.mjs
e2e-scripts,ROLES_PASTILLES,BADGE_ROLES,1,e2e/coherence-systeme.mjs
e2e-scripts,ctxMoyen,avgCtx,1,scripts/mesurer-sessions.mjs
e2e-scripts,geste,gesture,1,e2e/tests/refonte-invitations.spec.js
e2e-scripts,icone,icon,1,e2e/coherence-systeme.mjs
e2e-scripts,langue,language,1,e2e/coherence-systeme.mjs
e2e-scripts,lireReperes,readMarkers,1,e2e/jetons.mjs
e2e-scripts,lireThemes,readThemes,1,e2e/jetons.mjs
e2e-scripts,nbJetons,tokenCount,1,e2e/coherence-systeme.mjs
e2e-scripts,nbThemes,themeCount,1,e2e/coherence-systeme.mjs
e2e-scripts,purgerLocales,purgeLocals,1,e2e/launch.mjs
e2e-scripts,reponseA,replyTo,1,e2e/tests/retours-14-reception.spec.js
e2e-scripts,reservesCatalogue,catalogReserves,1,e2e/coherence-systeme.mjs
e2e-scripts,tenirBarre,holdBar,1,e2e/geste-defilement.mjs
rust,adresse,address,78,crates/mail-core/examples/seed_clarity.rs;crates/mail-core/src/compose.rs;crates/mail-core/src/store.rs;crates/mail-ical/src/lib.rs
rust,dossier,folder,57,apps/desktop/src/demenagement.rs;apps/desktop/src/instance.rs;apps/desktop/src/trace.rs;crates/mail-core/src/echo.rs
rust,dossiers,folders,46,crates/mail-core/examples/diagnostic_boites.rs;crates/mail-core/examples/seed_clarity.rs;crates/mail-core/examples/seed_inbox.rs;crates/mail-core/src/correspondants.rs;crates/mail-core/src/echo.rs;crates/mail-core/src/nav.rs;crates/mail-core/src/sync.rs
rust,fil,thread,38,crates/mail-core/src/echo.rs;crates/mail-core/src/store.rs
rust,pieces,attachments,36,apps/desktop/src/commands.rs;crates/mail-core/src/echo.rs;crates/mail-core/src/outbox.rs;crates/mail-smtp/src/lib.rs
rust,boite,mailbox,35,apps/desktop/src/commands.rs;apps/desktop/src/main.rs;crates/mail-core/examples/seed_clarity.rs;crates/mail-core/examples/seed_inbox.rs;crates/mail-core/src/nav.rs
rust,ancien,old,34,apps/desktop/src/demenagement.rs;crates/mail-core/src/store.rs
rust,cle,key,33,crates/mail-core/src/compose.rs;crates/mail-core/src/correspondants.rs;crates/mail-core/src/echo.rs;crates/mail-core/src/store.rs
rust,depart,departure,33,crates/mail-core/examples/banc_migration_fils.rs;crates/mail-core/examples/banc_nettoyage.rs;crates/mail-core/examples/banc_page_liste.rs;crates/mail-core/examples/banc_recherche.rs;crates/mail-core/examples/diagnostic_ouverture.rs;crates/mail-core/examples/seed_arrivee.rs
rust,nom,name,30,crates/mail-core/examples/seed_arrivee.rs;crates/mail-core/src/body.rs;crates/mail-core/src/correspondants.rs;crates/mail-core/src/store.rs;crates/mail-ical/src/lib.rs
rust,envoyes,sent,29,crates/mail-core/examples/seed_clarity.rs;crates/mail-core/src/correspondants.rs;crates/mail-core/src/echo.rs;crates/mail-core/src/nav.rs
rust,compte,account,27,apps/desktop/src/commands.rs;apps/desktop/src/main.rs;crates/mail-core/src/body.rs;crates/mail-core/src/echo.rs
rust,est,is,27,crates/mail-core/src/store.rs
rust,nouveau,new,27,apps/desktop/src/demenagement.rs;crates/mail-core/src/store.rs;crates/mail-imap/src/lib.rs
rust,fin,end,25,crates/mail-core/src/body.rs;crates/mail-core/src/compose.rs;crates/mail-ical/src/lib.rs
rust,ligne,line,25,apps/desktop/src/trace.rs;crates/mail-core/examples/banc_recherche.rs;crates/mail-core/src/store.rs;crates/mail-imap/src/faux_serveur.rs;crates/mail-imap/src/lib.rs
rust,adresses,addresses,22,crates/mail-core/src/correspondants.rs;crates/mail-core/src/store.rs;crates/mail-core/src/thread.rs
rust,texte,text,22,crates/mail-core/src/search.rs;crates/mail-imap/src/convert.rs;crates/mail-imap/src/faux_serveur.rs
rust,sortie,output,21,crates/mail-core/examples/diagnostic_fils.rs;crates/mail-core/examples/seed_inbox.rs;crates/mail-core/src/correspondants.rs;crates/mail-imap/src/lib.rs
rust,corbeille,trash,20,crates/mail-core/src/echo.rs;crates/mail-core/src/nav.rs
rust,indesirables,junk,20,crates/mail-core/src/echo.rs;crates/mail-core/src/nav.rs;crates/mail-core/src/store.rs
rust,corps,body,19,apps/desktop/src/commands.rs;crates/mail-core/examples/banc_indexation.rs;crates/mail-core/examples/banc_recherche.rs;crates/mail-core/examples/seed_clarity.rs;crates/mail-core/examples/seed_inbox.rs;crates/mail-core/src/compose.rs;crates/mail-core/src/echo.rs;crates/mail-imap/src/lib.rs
rust,noms,names,19,crates/mail-core/examples/seed_clarity.rs;crates/mail-core/src/correspondants.rs;crates/mail-core/src/nav.rs;crates/mail-imap/src/lib.rs
rust,regle,rule,19,crates/mail-core/src/store.rs
rust,reponse,reply,19,apps/desktop/src/commands.rs;crates/mail-core/src/invitation.rs;crates/mail-core/src/outbox.rs;crates/mail-core/src/store.rs;crates/mail-imap/src/faux_serveur.rs
rust,piece,attachment,17,crates/mail-core/examples/seed_clarity.rs;crates/mail-imap/src/tests_e3.rs;crates/mail-smtp/src/lib.rs
rust,debut,start,16,apps/desktop/src/veilleur.rs;crates/mail-core/src/compose.rs;crates/mail-core/src/correspondants.rs;crates/mail-ical/src/lib.rs
rust,completer_adresses,complete_addresses,15,crates/mail-core/src/correspondants.rs
rust,deja,already,15,apps/desktop/src/commands.rs;crates/mail-core/src/store.rs
rust,etat,state,15,crates/mail-core/examples/diagnostic_brouillons.rs;crates/mail-core/src/sync.rs
rust,methode,method,15,crates/mail-core/src/invitation.rs;crates/mail-core/src/store.rs;crates/mail-ical/src/lib.rs
rust,chrono,stopwatch,14,apps/desktop/src/commands.rs;crates/mail-core/examples/banc_nettoyage.rs
rust,faut_relever,must_poll,14,crates/mail-core/src/sync.rs
rust,non_lues,unread,14,crates/mail-core/src/nav.rs
rust,perimetre,scope,14,crates/mail-core/src/store.rs
rust,decor,fixture,13,crates/mail-core/src/correspondants.rs;crates/mail-core/src/echo.rs;crates/mail-core/src/store.rs
rust,liste,list,13,crates/mail-core/src/correspondants.rs;crates/mail-core/src/nav.rs;crates/mail-core/src/store.rs;crates/mail-imap/src/faux_serveur.rs
rust,GesteGroupe,GroupGesture,12,crates/mail-core/src/echo.rs
rust,NOUS,US,12,crates/mail-ical/tests/corpus.rs
rust,adresse_images,images_address,12,crates/mail-core/src/store.rs
rust,cibles,targets,12,apps/desktop/src/main.rs;crates/mail-core/examples/banc_recherche.rs;crates/mail-core/src/echo.rs
rust,invitation_projet,draft_invitation,12,crates/mail-core/src/store.rs
rust,apercu,preview,11,crates/mail-core/src/body.rs;crates/mail-core/src/store.rs
rust,quand,when,11,crates/mail-core/examples/seed_clarity.rs
rust,annule,cancelled,10,crates/mail-core/src/invitation.rs;crates/mail-core/src/store.rs
rust,arrivee,arrival,10,crates/mail-core/src/store.rs;crates/mail-core/src/sync.rs
rust,boites,mailboxes,10,apps/desktop/src/commands.rs;crates/mail-core/examples/banc_migration_fils.rs;crates/mail-core/examples/banc_page_liste.rs;crates/mail-core/src/echo.rs;crates/mail-core/src/store.rs
rust,caractere,char,10,crates/mail-core/src/body.rs;crates/mail-core/src/search.rs
rust,comptes,accounts,10,crates/mail-core/examples/diagnostic_boites.rs;crates/mail-core/src/correspondants.rs;crates/mail-core/src/echo.rs;crates/mail-core/src/store.rs
rust,non,no,10,crates/mail-core/src/store.rs
rust,titre,title,10,apps/desktop/src/commands.rs;crates/mail-core/src/invitation.rs;crates/mail-core/src/store.rs;crates/mail-ical/src/lib.rs
rust,JOUR,DAY,9,crates/mail-core/src/backfill.rs
rust,RepereLocal,LocalMarker,9,crates/mail-core/src/lib.rs;crates/mail-core/src/sync.rs
rust,bas,bottom,9,apps/desktop/src/commands.rs;crates/mail-core/src/compose.rs
rust,cible,target,9,apps/desktop/src/demenagement.rs;crates/mail-core/examples/seed_inbox.rs
rust,compte_echos,count_echos,9,crates/mail-core/src/echo.rs
rust,dernier_blanc,last_blank,9,crates/mail-core/src/body.rs
rust,liens,links,9,crates/mail-core/examples/banc_migration_fils.rs;crates/mail-core/src/thread.rs
rust,lignes,lines,9,crates/mail-core/examples/banc_page_liste.rs;crates/mail-core/examples/banc_recherche.rs;crates/mail-core/src/store.rs
rust,lot,batch,9,crates/mail-core/examples/seed_arrivee.rs;crates/mail-core/src/correspondants.rs;crates/mail-core/src/store.rs
rust,organisateur_adresse,organizer_address,9,crates/mail-core/src/invitation.rs;crates/mail-core/src/store.rs;crates/mail-ical/src/lib.rs;crates/mail-ical/tests/corpus.rs
rust,plage,range,9,crates/mail-core/src/store.rs
rust,reception,inbox,9,crates/mail-core/examples/seed_clarity.rs;crates/mail-core/src/nav.rs
rust,SocketSous,InnerSocket,8,crates/mail-imap/src/lib.rs
rust,apres,after,8,crates/mail-core/src/body.rs;crates/mail-core/src/sync.rs
rust,autre,other,8,crates/mail-core/src/store.rs
rust,brouillons,drafts,8,crates/mail-core/src/nav.rs
rust,deja_faite,already_done,8,crates/mail-core/src/store.rs
rust,draft_with_pieces,draft_with_attachments,8,crates/mail-core/src/outbox.rs
rust,fait,done,8,apps/desktop/src/commands.rs;apps/desktop/src/main.rs;crates/mail-core/src/correspondants.rs
rust,geste_avec_echo,gesture_with_echo,8,crates/mail-core/src/echo.rs
rust,initialisee,initialized,8,crates/mail-core/src/store.rs;crates/mail-core/src/sync.rs
rust,lieu,location,8,crates/mail-core/src/invitation.rs;crates/mail-core/src/store.rs;crates/mail-ical/src/lib.rs
rust,repondant,attendee,8,crates/mail-ical/src/lib.rs;crates/mail-ical/tests/corpus.rs
rust,store_avec_corbeille,store_with_trash,8,crates/mail-core/src/echo.rs
rust,FluxBorne,BoundedStream,7,crates/mail-imap/src/lib.rs
rust,IDENTIFIANT,APP_ID,7,apps/desktop/src/demenagement.rs
rust,commandes,commands,7,apps/desktop/src/main.rs;crates/mail-imap/src/faux_serveur.rs
rust,dossier_temporaire,temp_folder,7,apps/desktop/src/instance.rs;apps/desktop/src/trace.rs
rust,echo_envoi,send_echo,7,crates/mail-core/src/echo.rs
rust,fils,threads,7,crates/mail-core/examples/banc_migration_fils.rs;crates/mail-core/examples/banc_page_liste.rs;crates/mail-core/src/nav.rs;crates/mail-core/src/store.rs
rust,flux,stream,7,crates/mail-imap/src/lib.rs
rust,fond,bg,7,crates/mail-render/src/lib.rs
rust,propre,clean,7,apps/desktop/src/commands.rs;crates/mail-core/src/store.rs
rust,sans_condstore,without_condstore,7,apps/desktop/src/commands.rs;crates/mail-core/src/sync.rs
rust,uidnext_vu,uidnext_seen,7,apps/desktop/src/commands.rs;crates/mail-core/src/sync.rs
rust,CibleGeste,GestureTarget,6,crates/mail-core/src/echo.rs
rust,ErreurIcal,IcalError,6,crates/mail-ical/src/lib.rs
rust,SourceTransfert,SourceForward,6,crates/mail-core/src/compose.rs
rust,blanc_en_attente,pending_blank,6,crates/mail-core/src/search.rs
rust,borne,bound,6,crates/mail-core/src/store.rs
rust,borne_epoch,bound_epoch,6,crates/mail-core/src/store.rs
rust,brouillon,draft,6,crates/mail-core/src/outbox.rs
rust,chemin,path,6,apps/desktop/src/trace.rs;crates/mail-core/examples/seed_clarity.rs
rust,compte_boite,mailbox_account,6,crates/mail-core/src/nav.rs
rust,debut_epoch,start_epoch,6,crates/mail-core/src/invitation.rs;crates/mail-core/src/store.rs
rust,encre,ink,6,crates/mail-render/src/lib.rs
rust,envoye,sent,6,crates/mail-core/src/compose.rs
rust,fin_epoch,end_epoch,6,crates/mail-core/src/invitation.rs;crates/mail-core/src/store.rs
rust,garde,guard,6,apps/desktop/src/instance.rs;apps/desktop/src/veilleur.rs
rust,geste_sous,gesture_under,6,crates/mail-core/src/echo.rs
rust,par_role,by_role,6,crates/mail-core/src/nav.rs
rust,premier,first,6,crates/mail-core/src/store.rs;crates/mail-imap/src/lib.rs
rust,premiere,first,6,apps/desktop/src/instance.rs
rust,routages,routings,6,crates/mail-core/examples/banc_nettoyage.rs;crates/mail-core/src/store.rs
rust,traites,handled,6,crates/mail-core/examples/banc_nettoyage.rs;crates/mail-core/src/store.rs
rust,trouver,find,6,crates/mail-core/src/body.rs;crates/mail-core/src/search.rs
rust,ANCIEN_IDENTIFIANT,OLD_IDENTIFIER,5,apps/desktop/src/demenagement.rs
rust,RegistreInitialisees,InitializedRegistry,5,crates/mail-core/src/store.rs
rust,SessionNettoyage,CleanupSession,5,crates/mail-core/src/store.rs
rust,actions_en_attente,pending_actions,5,apps/desktop/src/commands.rs;crates/mail-core/src/sync.rs
rust,avec_statut,with_status,5,apps/desktop/src/commands.rs
rust,balayer_echos,sweep_echos,5,crates/mail-core/src/echo.rs
rust,boites_du_perimetre,mailboxes_in_scope,5,crates/mail-core/src/store.rs
rust,corps_alternatif,alternative_body,5,crates/mail-smtp/src/lib.rs
rust,cote,aside,5,apps/desktop/src/commands.rs;crates/mail-core/src/store.rs
rust,courrier,mail,5,apps/desktop/src/commands.rs;apps/desktop/src/main.rs
rust,cout,cost,5,crates/mail-core/examples/banc_recherche.rs
rust,debut_texte,start_text,5,crates/mail-core/src/invitation.rs;crates/mail-core/src/store.rs
rust,demenager_dossier,relocate_folder,5,apps/desktop/src/demenagement.rs
rust,dernier,last,5,crates/mail-core/examples/banc_recherche.rs;crates/mail-imap/src/lib.rs
rust,expediteurs,senders,5,crates/mail-core/examples/seed_inbox.rs
rust,fin_texte,end_text,5,crates/mail-core/src/invitation.rs;crates/mail-core/src/store.rs
rust,forme,shape,5,crates/mail-core/examples/diagnostic_fils.rs
rust,gros,big,5,crates/mail-core/examples/banc_nettoyage.rs;crates/mail-core/examples/diagnostic_fils.rs
rust,groupes,groups,5,crates/mail-core/examples/banc_nettoyage.rs;crates/mail-core/src/store.rs
rust,journee_entiere,all_day,5,crates/mail-core/src/invitation.rs;crates/mail-core/src/store.rs
rust,mode_organise_epoch,organized_mode_epoch,5,crates/mail-core/src/store.rs
rust,modseq_vu,modseq_seen,5,apps/desktop/src/commands.rs;crates/mail-core/src/sync.rs
rust,nettoyage_critere,cleanup_criterion,5,crates/mail-core/src/store.rs
rust,organisateur_nom,organizer_name,5,crates/mail-core/src/invitation.rs;crates/mail-core/src/store.rs
rust,oui,yes,5,crates/mail-core/src/store.rs
rust,plancher,floor,5,crates/mail-imap/src/lib.rs
rust,plus_haut_fait,highest_done,5,crates/mail-core/src/store.rs
rust,releve,poll,5,apps/desktop/src/commands.rs;crates/mail-core/src/outbox.rs
rust,substituer_transfert,substitute_forward,5,crates/mail-core/src/compose.rs
rust,DemandeReponse,ReplyRequest,4,crates/mail-ical/src/lib.rs;crates/mail-ical/tests/corpus.rs
rust,MARQUE,BRAND,4,crates/mail-core/src/correspondants.rs
rust,NOM,NAME,4,apps/desktop/src/trace.rs
rust,PREF_MODE_ORGANISE,PREF_ORGANIZED_MODE,4,crates/mail-core/src/store.rs
rust,PREF_MODE_ORGANISE_EPOCH,PREF_ORGANIZED_MODE_EPOCH,4,crates/mail-core/src/store.rs
rust,Sortie,Output,4,crates/mail-core/src/search.rs
rust,Veille,Watch,4,crates/mail-imap/src/lib.rs
rust,agir_groupe,act_on_group,4,crates/mail-core/src/echo.rs
rust,arrivees,arrivals,4,apps/desktop/src/commands.rs;crates/mail-core/src/sync.rs
rust,arrivees_depuis,arrivals_since,4,crates/mail-core/src/store.rs
rust,brouillon_echo,draft_echo,4,crates/mail-core/examples/seed_clarity.rs
rust,commence_par,starts_with,4,crates/mail-core/src/body.rs
rust,depuis,since,4,apps/desktop/src/commands.rs;apps/desktop/src/main.rs
rust,du_fil,of_thread,4,crates/mail-core/src/echo.rs;crates/mail-core/src/store.rs
rust,duree,duration,4,crates/mail-core/examples/banc_recherche.rs;crates/mail-core/src/correspondants.rs
rust,echo_vue,echo_view,4,crates/mail-core/src/echo.rs
rust,ecrire_dans,write_into,4,apps/desktop/src/trace.rs
rust,fil_route,thread_route,4,crates/mail-core/src/nav.rs;crates/mail-core/src/store.rs
rust,hors_pile,off_pile,4,crates/mail-core/src/nav.rs;crates/mail-core/src/store.rs
rust,journal,log,4,crates/mail-imap/src/faux_serveur.rs
rust,legere,light,4,crates/mail-core/src/outbox.rs
rust,messages_locaux,local_messages,4,apps/desktop/src/commands.rs;crates/mail-core/src/sync.rs
rust,nettoyage_etat,cleanup_state,4,crates/mail-core/src/store.rs
rust,nombre,count,4,crates/mail-core/examples/diagnostic_fils.rs;crates/mail-core/examples/seed_clarity.rs
rust,organisateur,organizer,4,crates/mail-ical/src/lib.rs
rust,organise,organized,4,crates/mail-core/src/nav.rs
rust,participation_du_repondant,attendee_participation,4,crates/mail-ical/src/lib.rs
rust,present_en_destination,present_at_destination,4,crates/mail-core/src/echo.rs
rust,rangs,ranks,4,crates/mail-core/src/store.rs
rust,rattraper_correspondants,backfill_contacts,4,crates/mail-core/src/correspondants.rs
rust,reception_non_lues,inbox_unread,4,crates/mail-core/src/nav.rs
rust,reception_total,inbox_total,4,crates/mail-core/src/nav.rs
rust,relever_inbox,poll_inbox,4,apps/desktop/src/commands.rs
rust,repere,marker,4,apps/desktop/src/commands.rs
rust,repondant_adresse,attendee_address,4,crates/mail-core/src/invitation.rs;crates/mail-core/src/store.rs
rust,repondant_nom,attendee_name,4,crates/mail-core/src/invitation.rs;crates/mail-core/src/store.rs
rust,repondant_statut,attendee_status,4,crates/mail-core/src/invitation.rs;crates/mail-core/src/store.rs
rust,reponse_a,reply_to,4,crates/mail-core/examples/seed_arrivee.rs
rust,reposer_sessions,reset_sessions,4,apps/desktop/src/commands.rs
rust,retraits_du_non,no_removals,4,crates/mail-core/src/store.rs
rust,retrograde_ancien_schema,downgrade_old_schema,4,crates/mail-core/src/search.rs
rust,sans_adresse,no_address,4,crates/mail-core/examples/diagnostic_boites.rs
rust,source_du_transfert,forward_source,4,crates/mail-core/src/compose.rs
rust,tri,sort,4,crates/mail-core/src/store.rs
rust,valider_routage,validate_routing,4,crates/mail-core/src/store.rs
rust,BORNE_OCTETS,BYTE_LIMIT,3,apps/desktop/src/trace.rs
rust,Correspondant,Contact,3,crates/mail-core/src/correspondants.rs
rust,DESTINATIONS_ROUTAGE,ROUTING_DESTINATIONS,3,crates/mail-core/src/store.rs
rust,DOSSIER,FOLDER,3,apps/desktop/src/trace.rs
rust,FinDeCycle,CycleEnd,3,apps/desktop/src/commands.rs
rust,GardeInstance,InstanceGuard,3,apps/desktop/src/instance.rs
rust,GroupeNettoyage,CleanupGroup,3,crates/mail-core/src/store.rs
rust,InvitationRang,InvitationRank,3,crates/mail-core/src/nav.rs;crates/mail-core/src/store.rs
rust,MOTS,WORDS,3,crates/mail-core/examples/seed_inbox.rs
rust,Methode,Method,3,crates/mail-ical/src/lib.rs
rust,NOM_VERROU,LOCK_NAME,3,apps/desktop/src/instance.rs
rust,PREF_PORTIER_DEFAUT_NON,PREF_SCREENER_DEFAULT_NO,3,crates/mail-core/src/store.rs
rust,PREF_PORTIER_DEFAUT_OUI,PREF_SCREENER_DEFAULT_YES,3,crates/mail-core/src/store.rs
rust,Quand,When,3,crates/mail-ical/src/lib.rs
rust,REGLES_ROUTAGE,ROUTING_RULES,3,crates/mail-core/src/store.rs
rust,Routage,Routing,3,crates/mail-core/src/store.rs
rust,SEUIL_ENVOI,SEND_THRESHOLD,3,crates/mail-core/src/outbox.rs
rust,TransportDecor,FixtureTransport,3,crates/mail-core/examples/seed_clarity.rs
rust,ajouter,add,3,crates/mail-core/src/compose.rs
rust,apres_initiale,after_initial,3,crates/mail-core/src/sync.rs
rust,attente_defaite,pending_undone,3,crates/mail-core/src/store.rs
rust,autres,others,3,crates/mail-core/examples/diagnostic_boites.rs
rust,avant,before,3,crates/mail-core/src/search.rs
rust,avec_inconnue,with_unknown,3,crates/mail-core/src/echo.rs
rust,brouillon_reponse,reply_draft,3,crates/mail-core/src/store.rs
rust,cle_fichier,file_key,3,crates/mail-core/src/store.rs
rust,colonnes_threads,thread_columns,3,crates/mail-core/src/store.rs
rust,compte_unifie,unified_account,3,crates/mail-core/src/nav.rs
rust,comptes_avec_travail,accounts_with_work,3,crates/mail-core/src/echo.rs
rust,defaut_portier_non_valide,valid_screener_default_no,3,crates/mail-core/src/store.rs
rust,defaut_portier_oui_valide,valid_screener_default_yes,3,crates/mail-core/src/store.rs
rust,dernier_epoch,last_epoch,3,crates/mail-core/src/nav.rs;crates/mail-core/src/store.rs
rust,dernier_objet,last_subject,3,crates/mail-core/src/nav.rs;crates/mail-core/src/store.rs
rust,echange_coupe,cut_exchange,3,crates/mail-core/src/backfill.rs
rust,echos_en_attente,pending_echos,3,crates/mail-core/src/echo.rs
rust,ecrire_horizon_premier_ajout,write_horizon_first_add,3,apps/desktop/src/commands.rs
rust,entete_transfert,forward_header,3,crates/mail-core/src/compose.rs
rust,enveloppe,envelope,3,crates/mail-core/src/echo.rs;crates/mail-imap/src/tests_e3.rs
rust,envoi,send,3,crates/mail-core/src/correspondants.rs
rust,est_invisible,is_invisible,3,crates/mail-core/src/body.rs
rust,est_organisateur,is_organizer,3,crates/mail-ical/src/lib.rs
rust,est_partie_calendrier,is_calendar_part,3,crates/mail-imap/src/convert.rs
rust,ferme,closed,3,crates/mail-core/src/compose.rs
rust,fermeture,closing,3,crates/mail-core/src/body.rs
rust,filtre_compte,account_filter,3,crates/mail-core/src/nav.rs
rust,forme_simple,shape_simple,3,crates/mail-core/examples/diagnostic_fils.rs
rust,hors,off,3,crates/mail-core/examples/banc_recherche.rs
rust,indesirables_non_lus,junk_unread,3,crates/mail-core/src/nav.rs
rust,indesirables_total,junk_total,3,crates/mail-core/src/nav.rs
rust,jour,day,3,crates/mail-core/examples/seed_clarity.rs
rust,ko_par_corps,ko_by_body,3,crates/mail-core/examples/seed_inbox.rs
rust,limite,limit,3,crates/mail-core/src/correspondants.rs
rust,lire,read,3,crates/mail-core/src/thread.rs
rust,lire_ligne,read_line,3,crates/mail-imap/src/lib.rs
rust,lire_routage,read_routing,3,crates/mail-core/src/store.rs
rust,liste_ids,id_list,3,crates/mail-core/src/store.rs
rust,mis_de_cote_du_fil,thread_set_aside,3,crates/mail-core/src/store.rs
rust,panne_au_lot_envelopes,failure_au_batch_envelopes,3,crates/mail-core/src/test_support.rs
rust,pin_state_du_fil,thread_pin_state,3,crates/mail-core/src/store.rs
rust,poser_boite,set_mailbox,3,apps/desktop/src/commands.rs
rust,pris,taken,3,crates/mail-core/src/store.rs
rust,queue,tail,3,crates/mail-core/src/store.rs
rust,reconstruire_index_si_ancien,rebuild_index_if_old,3,crates/mail-core/src/store.rs
rust,regles_actives,active_rules,3,crates/mail-core/src/store.rs
rust,repondant_est_organisateur,attendee_is_organizer,3,crates/mail-ical/src/lib.rs
rust,reponse_epoch,reply_epoch,3,crates/mail-core/src/invitation.rs;crates/mail-core/src/store.rs
rust,retenue,hold,3,crates/mail-core/src/nav.rs;crates/mail-core/src/store.rs
rust,sans_id,no_id,3,crates/mail-core/src/echo.rs
rust,seul_b,only_b,3,crates/mail-core/src/nav.rs
rust,seule,single,3,crates/mail-core/src/echo.rs
rust,suivante,next,3,apps/desktop/src/instance.rs
rust,sujet,subject,3,crates/mail-core/examples/seed_arrivee.rs;crates/mail-core/examples/seed_clarity.rs
rust,taille,size,3,apps/desktop/src/trace.rs
rust,teinte_sure,safe_hue,3,crates/mail-render/src/lib.rs
rust,texte_en_html,text_as_html,3,crates/mail-core/src/echo.rs
rust,texte_vers,text_into,3,crates/mail-core/src/search.rs
rust,trop_gros,too_big,3,apps/desktop/src/trace.rs
rust,valider_horizon,validate_horizon,3,apps/desktop/src/commands.rs
rust,verrou_compte,account_lock,3,apps/desktop/src/commands.rs
rust,vide,empty,3,crates/mail-core/src/sync.rs
rust,BROUILLONS,DRAFTS,2,crates/mail-core/src/nav.rs
rust,CORBEILLE,TRASH,2,crates/mail-core/src/nav.rs
rust,ChampsIndexes,IndexedFields,2,crates/mail-core/src/store.rs
rust,Courrier,Mail,2,crates/mail-imap/src/lib.rs
rust,EnvoiRow,SendRow,2,crates/mail-core/src/echo.rs
rust,FauxImap,FakeImap,2,crates/mail-imap/src/faux_serveur.rs
rust,GroupeRegistre,PaperTrailGroup,2,crates/mail-core/src/nav.rs
rust,INDESIRABLES,JUNK,2,crates/mail-core/src/nav.rs
rust,INDEX_EXPEDITEURS,SENDERS_INDEX,2,crates/mail-core/src/store.rs
rust,InvitationLigne,InvitationLine,2,apps/desktop/src/commands.rs
rust,LIMITE,LIMIT,2,crates/mail-core/src/body.rs
rust,LOT_CHANGEMENTS,CHANGES_BATCH,2,crates/mail-imap/src/lib.rs
rust,LOT_CORPS_OCTETS,BODY_BATCH_BYTES,2,crates/mail-imap/src/lib.rs
rust,MOIS,MONTH,2,crates/mail-core/src/correspondants.rs
rust,MethodeInconnue,UnknownMethod,2,crates/mail-ical/src/lib.rs
rust,PAGE_UNIFIEE,UNIFIED_PAGE,2,crates/mail-core/examples/banc_page_liste.rs
rust,PAGE_UN_COMPTE,SINGLE_ACCOUNT_PAGE,2,crates/mail-core/examples/banc_page_liste.rs
rust,PERIMETRES_NETTOYAGE,CLEANUP_SCOPES,2,crates/mail-core/src/store.rs
rust,PLAGES_NETTOYAGE,CLEANUP_RANGES,2,crates/mail-core/src/store.rs
rust,PREFS_PAR_COMPTE,PREFS_PER_ACCOUNT,2,crates/mail-core/src/store.rs
rust,REGISTRE,PAPER_TRAIL,2,crates/mail-core/src/store.rs
rust,Reponse,Reply,2,crates/mail-ical/src/lib.rs
rust,SEUIL_QUARANTAINE,QUARANTINE_THRESHOLD,2,crates/mail-core/src/store.rs
rust,SOUS_LOT,SUB_BATCH,2,crates/mail-core/src/store.rs
rust,SansEvenement,NoEvent,2,crates/mail-ical/src/lib.rs
rust,SansUid,NoUid,2,crates/mail-ical/src/lib.rs
rust,VolPasse,PassFlight,2,apps/desktop/src/main.rs
rust,_releve,poll,2,apps/desktop/src/commands.rs
rust,adresses_de,addresses_from,2,crates/mail-core/src/store.rs
rust,annulee,cancelled,2,apps/desktop/src/commands.rs;crates/mail-core/src/store.rs
rust,app_bulles,app_bubbles,2,apps/desktop/src/commands.rs
rust,attente,pending,2,crates/mail-core/examples/banc_nettoyage.rs
rust,attente_apres_echecs,pending_after_failures,2,apps/desktop/src/commands.rs
rust,avec,with,2,crates/mail-core/src/outbox.rs
rust,bloc,block,2,crates/mail-core/src/compose.rs
rust,bloque,blocked,2,crates/mail-core/src/compose.rs
rust,boucle,loop,2,apps/desktop/src/veilleur.rs
rust,bulles,bubbles,2,crates/mail-core/src/sync.rs
rust,canoniques_hors_archives,canonical_except_archive,2,crates/mail-core/src/nav.rs
rust,clair,light,2,crates/mail-render/src/lib.rs
rust,corps_images,body_images,2,crates/mail-core/examples/seed_arrivee.rs
rust,corps_synthetique,synthetic_body,2,crates/mail-core/examples/seed_inbox.rs
rust,correspondants,contacts,2,crates/mail-core/src/lib.rs
rust,deja_en_file,already_queued,2,crates/mail-core/src/store.rs
rust,deja_stmt,already_stmt,2,crates/mail-core/src/store.rs
rust,demande,request,2,crates/mail-ical/tests/corpus.rs
rust,demenagement,relocation,2,apps/desktop/src/main.rs
rust,depuis_jours,since_days,2,crates/mail-core/examples/seed_clarity.rs
rust,doit_relever,must_poll,2,apps/desktop/src/commands.rs
rust,dossiers_inclus,included_folders,2,crates/mail-core/src/store.rs
rust,drapeaux,flags,2,crates/mail-core/src/sync.rs
rust,ecrire_invitation,compose_invitation,2,crates/mail-core/src/store.rs
rust,encore,still,2,crates/mail-core/src/backfill.rs
rust,envoi_echo,send_echo,2,crates/mail-core/examples/seed_clarity.rs
rust,epingle,pin,2,crates/mail-core/src/store.rs
rust,epoque_portier,screener_epoch,2,crates/mail-core/src/store.rs
rust,exclusion_organisee,organized_exclusion,2,crates/mail-core/src/store.rs
rust,expediteur,sender,2,crates/mail-core/examples/seed_clarity.rs
rust,fil_route_sql,thread_route_sql,2,crates/mail-core/src/store.rs
rust,filtre_non_lues,unread_filter,2,crates/mail-core/src/nav.rs
rust,fin_du_bloc,block_end,2,crates/mail-core/src/compose.rs
rust,id_du_compte,account_id_of,2,apps/desktop/src/veilleur.rs
rust,invitation_de,invitation_from,2,crates/mail-core/src/body.rs
rust,jamais_vu,never_seen,2,crates/mail-core/src/sync.rs
rust,jeu,set,2,crates/mail-imap/src/faux_serveur.rs
rust,jours,days,2,crates/mail-core/src/backfill.rs
rust,lecteur,reader,2,crates/mail-imap/src/faux_serveur.rs
rust,lots,batches,2,crates/mail-core/examples/seed_clarity.rs
rust,mailboxes_avec_actions,mailboxes_with_actions,2,crates/mail-core/src/echo.rs
rust,masque,mask,2,crates/mail-core/examples/diagnostic_boites.rs
rust,methode_stable,method_stable,2,crates/mail-core/src/invitation.rs
rust,mode_organise,organized_mode,2,crates/mail-core/src/store.rs
rust,mot,word,2,crates/mail-core/src/correspondants.rs
rust,nettoyage_compter_groupes,cleanup_count_groups,2,crates/mail-core/src/store.rs
rust,nettoyage_groupes_sql,cleanup_groups_sql,2,crates/mail-core/src/store.rs
rust,nettoyage_messages_sql,cleanup_messages_sql,2,crates/mail-core/src/store.rs
rust,noms_adresses,address_names,2,crates/mail-core/src/correspondants.rs
rust,noms_colonnes,column_names,2,crates/mail-core/src/store.rs
rust,non_lues_seulement,unread_seulement,2,crates/mail-core/src/store.rs
rust,organise_hors_sql,organized_off_sql,2,crates/mail-core/src/store.rs
rust,organise_sql,organized_sql,2,crates/mail-core/src/store.rs
rust,par_cle,by_key,2,crates/mail-core/src/search.rs
rust,passe,pass,2,crates/mail-core/src/correspondants.rs
rust,peut_repondre,can_reply,2,apps/desktop/src/commands.rs;crates/mail-core/src/store.rs
rust,portier_attente,screener_waiting,2,crates/mail-core/src/store.rs
rust,poser_phase,set_phase,2,apps/desktop/src/commands.rs
rust,premier_identifiant,first_identifier,2,crates/mail-core/examples/diagnostic_fils.rs
rust,premier_uid,first_uid,2,crates/mail-core/examples/seed_clarity.rs
rust,queue_tronquee,truncated_queue,2,crates/mail-core/src/body.rs
rust,rattraper_apercus_lot,backfill_previews_batch,2,crates/mail-core/src/store.rs
rust,refusee,refused,2,crates/mail-core/src/store.rs
rust,refuser_action,refuse_action,2,crates/mail-core/src/store.rs
rust,relu,reread,2,crates/mail-core/src/backfill.rs
rust,reprise,resume,2,crates/mail-core/src/sync.rs
rust,routage,routing,2,crates/mail-core/src/store.rs
rust,router_expediteur,route_sender,2,crates/mail-core/src/store.rs
rust,sans,without,2,crates/mail-imap/src/convert.rs
rust,sans_date,no_date,2,crates/mail-core/src/store.rs
rust,sans_source,no_source,2,crates/mail-core/src/compose.rs
rust,sans_validity,no_validity,2,crates/mail-core/src/sync.rs
rust,seul,alone,2,crates/mail-smtp/src/lib.rs
rust,solder_repere,settle_marker,2,apps/desktop/src/commands.rs
rust,sombre,dark,2,crates/mail-render/src/lib.rs
rust,tailles,sizes,2,crates/mail-imap/src/lib.rs
rust,tout,all,2,crates/mail-core/src/nav.rs
rust,tri_date,sort_by_date,2,crates/mail-core/examples/banc_recherche.rs
rust,trouve,found,2,apps/desktop/src/veilleur.rs
rust,veille_session,watch_session,2,apps/desktop/src/veilleur.rs
rust,ANCIEN_KEYRING_SERVICE,OLD_KEYRING_SERVICE,1,crates/mail-auth/src/lib.rs
rust,CORPS_ABSENT,BODY_ABSENT,1,crates/mail-core/src/store.rs
rust,DESTINATIONS_ECHO,ECHO_DESTINATIONS,1,crates/mail-core/src/echo.rs
rust,InvitationStockee,StoredInvitation,1,crates/mail-core/src/invitation.rs
rust,Jour,Day,1,crates/mail-ical/src/lib.rs
rust,MARQUEUR_TRANSFERT,FORWARD_MARKER,1,crates/mail-core/src/compose.rs
rust,MIS_DE_COTE_THREADS,SET_ASIDE_THREADS,1,crates/mail-core/src/store.rs
rust,Refus,Refusal,1,crates/mail-core/src/error.rs
rust,SansReponse,NoReply,1,crates/mail-ical/src/lib.rs
rust,_fin,end,1,apps/desktop/src/commands.rs
rust,a_jour,up_to_date,1,crates/mail-core/examples/banc_migration_fils.rs
rust,banc_completer_50k,bench_complete_50k,1,crates/mail-core/src/correspondants.rs
rust,banc_rattrapage_200k,bench_backfill_200k,1,crates/mail-core/src/correspondants.rs
rust,ca_tient_tout_juste,ca_fits_all_just,1,crates/mail-core/src/sync.rs
rust,chaque_ligne_est_datee,each_line_is_datee,1,apps/desktop/src/trace.rs
rust,compte_id,account_id,1,apps/desktop/src/veilleur.rs
rust,debut_atelier,workshop_start,1,crates/mail-core/examples/seed_clarity.rs
rust,decodes_non_latin_scripts,decodes_no_latin_scripts,1,crates/mail-imap/src/mutf7.rs
rust,dossier_de_la_base,db_folder,1,apps/desktop/src/instance.rs
rust,duree_inbox,inbox_duration,1,apps/desktop/src/commands.rs
rust,duree_inventaire,inventory_duration,1,apps/desktop/src/commands.rs
rust,en_ligne,online,1,apps/desktop/src/main.rs
rust,en_vol,in_flight,1,apps/desktop/src/main.rs
rust,envelope_simple,simple_envelope,1,crates/mail-core/src/test_support.rs
rust,etat_mis_de_cote,set_aside_state,1,crates/mail-core/src/store.rs
rust,etiquette,label,1,crates/mail-core/examples/banc_nettoyage.rs
rust,extraire_apercu,extract_preview,1,crates/mail-core/src/body.rs
rust,extraire_invitation,extract_invitation,1,crates/mail-core/src/invitation.rs
rust,faut_relever_tests,must_poll_tests,1,crates/mail-core/src/sync.rs
rust,faux_serveur,fake_server,1,crates/mail-imap/src/lib.rs
rust,fin_atelier,workshop_end,1,crates/mail-core/examples/seed_clarity.rs
rust,garnir_message,populate_message,1,crates/mail-core/src/store.rs
rust,hors_portee,out_of_scope,1,crates/mail-core/examples/diagnostic_fils.rs
rust,initiale,initial,1,crates/mail-core/examples/diagnostic_boites.rs
rust,journee_entiere_value_date,all_day_value_date,1,crates/mail-ical/tests/corpus.rs
rust,kiosque_lu,feed_read,1,crates/mail-core/src/store.rs
rust,kiosque_non_ouverts,feed_unopened,1,crates/mail-core/src/nav.rs
rust,lancer,launch,1,crates/mail-imap/src/faux_serveur.rs
rust,le_manque_est_chiffre,the_manque_is_chiffre,1,crates/mail-core/src/sync.rs
rust,lignes_du_message,message_lines,1,crates/mail-core/src/store.rs
rust,marquer_kiosque_lu,mark_feed_read,1,crates/mail-core/src/store.rs
rust,messages_du_fil,messages_of_thread,1,crates/mail-core/src/store.rs
rust,n_dossiers,folder_count,1,apps/desktop/src/commands.rs
rust,nettoyage_demarrer,cleanup_start,1,crates/mail-core/src/store.rs
rust,nettoyage_groupes,cleanup_groups,1,crates/mail-core/src/store.rs
rust,nettoyage_messages,cleanup_messages,1,crates/mail-core/src/store.rs
rust,nettoyage_terminer,cleanup_finish,1,crates/mail-core/src/store.rs
rust,nettoyage_verdict,cleanup_verdict,1,crates/mail-core/src/store.rs
rust,ouverture,opening,1,crates/mail-core/src/compose.rs
rust,paragraphe,paragraph,1,crates/mail-core/examples/banc_indexation.rs
rust,passe_legere_compte,light_pass_account,1,apps/desktop/src/commands.rs
rust,passes_geste,passes_gesture,1,apps/desktop/src/main.rs
rust,permis,allowed,1,apps/desktop/src/commands.rs
rust,pile_mis_de_cote,set_aside_pile,1,crates/mail-core/src/store.rs
rust,portier_adresses,screener_addresses,1,crates/mail-core/src/store.rs
rust,portier_defauts,screener_defaults,1,crates/mail-core/src/store.rs
rust,portier_total,screener_total,1,crates/mail-core/src/store.rs
rust,pour_test,for_test,1,crates/mail-imap/src/lib.rs
rust,reception_organisee_count_scoped,organized_inbox_count_scoped,1,crates/mail-core/src/nav.rs
rust,reception_organisee_scoped,organized_inbox_scoped,1,crates/mail-core/src/nav.rs
rust,registre_groupes,paper_trail_groups,1,crates/mail-core/src/nav.rs
rust,repondre_vise_reply_to,reply_vise_reply_to,1,crates/mail-core/src/compose.rs
rust,reponse_itip,itip_reply,1,crates/mail-ical/src/lib.rs
rust,reseau_etat,network_state,1,apps/desktop/src/commands.rs
rust,retire_le_backslash_double,removed_the_backslash_double,1,crates/mail-core/src/imap_quoted.rs
rust,retirer_routage,remove_routing,1,crates/mail-core/src/store.rs
rust,rien_depuis_les_indesirables,nothing_since_the_junk,1,crates/mail-core/src/correspondants.rs
rust,routage_count_scoped,routing_count_scoped,1,crates/mail-core/src/nav.rs
rust,routage_de,routing_of,1,crates/mail-core/src/store.rs
rust,routage_page_sql,routing_page_sql,1,crates/mail-core/src/store.rs
rust,routage_unified_scoped,routing_unified_scoped,1,crates/mail-core/src/nav.rs
rust,router_expediteur_of,route_sender_of,1,crates/mail-core/src/store.rs
rust,set_mode_organise,set_organized_mode,1,crates/mail-core/src/store.rs
rust,set_portier_defauts,set_screener_defaults,1,crates/mail-core/src/store.rs
rust,tests_pieces,attachment_tests,1,crates/mail-core/src/outbox.rs
rust,toggle_mis_de_cote,toggle_set_aside,1,crates/mail-core/src/store.rs
rust,tout_ne_borne_rien,all_ne_bound_nothing,1,crates/mail-core/src/backfill.rs
rust,upsert_persiste_les_destinataires,upsert_persiste_the_recipients,1,crates/mail-core/src/store.rs
rust,utc_request_sans_tzid,utc_request_without_tzid,1,crates/mail-ical/tests/corpus.rs
rust,veilleur,watcher,1,apps/desktop/src/main.rs
rust,verrous_releve,poll_locks,1,apps/desktop/src/main.rs
rust,vers_groupe,to_group,1,crates/mail-core/src/nav.rs
ui,appel,call,142,apps/desktop/ui-v2/src/App.svelte;apps/desktop/ui-v2/src/Composition.svelte;apps/desktop/ui-v2/src/Fil.svelte;apps/desktop/ui-v2/src/Kiosque.svelte;apps/desktop/ui-v2/src/Liste.svelte;apps/desktop/ui-v2/src/ModaleMigration.svelte;apps/desktop/ui-v2/src/Portier.svelte;apps/desktop/ui-v2/src/Reglages.svelte;apps/desktop/ui-v2/src/Retour.svelte;apps/desktop/ui-v2/src/lib/fil.svelte.js;apps/desktop/ui-v2/src/lib/liens.js;apps/desktop/ui-v2/src/lib/transport.js
ui,ligne,line,93,apps/desktop/ui-v2/src/App.svelte;apps/desktop/ui-v2/src/lib/fil.svelte.js;apps/desktop/ui-v2/src/lib/invitation.js;apps/desktop/ui-v2/src/main.js
ui,nom,name,88,apps/desktop/ui-v2/src/Composition.svelte;apps/desktop/ui-v2/src/Reglages.svelte;apps/desktop/ui-v2/src/lib/theme.js
ui,fil,thread,79,apps/desktop/ui-v2/src/App.svelte;apps/desktop/ui-v2/src/lib/fil.svelte.js
ui,carte,card,72,apps/desktop/ui-v2/src/Composition.svelte;apps/desktop/ui-v2/src/Kiosque.svelte;apps/desktop/ui-v2/src/Liste.svelte
ui,etat,state,72,apps/desktop/ui-v2/src/App.svelte;apps/desktop/ui-v2/src/Lecture.svelte;apps/desktop/ui-v2/src/Liste.svelte;apps/desktop/ui-v2/src/Reglages.svelte;apps/desktop/ui-v2/src/lib/espacement.svelte.js;apps/desktop/ui-v2/src/lib/largeurs.svelte.js;apps/desktop/ui-v2/src/lib/organise.svelte.js;apps/desktop/ui-v2/src/lib/texte.svelte.js;apps/desktop/ui-v2/src/lib/volets.svelte.js;apps/desktop/ui-v2/src/main.js
ui,bilan,report,68,apps/desktop/ui-v2/src/App.svelte;apps/desktop/ui-v2/src/Composition.svelte;apps/desktop/ui-v2/src/ModaleMigration.svelte
ui,liste,list,44,apps/desktop/ui-v2/src/App.svelte;apps/desktop/ui-v2/src/Liste.svelte;apps/desktop/ui-v2/src/Menu.svelte
ui,cle,key,42,apps/desktop/ui-v2/src/Fil.svelte;apps/desktop/ui-v2/src/Kiosque.svelte;apps/desktop/ui-v2/src/Liste.svelte
ui,jeton,token,42,apps/desktop/ui-v2/src/App.svelte;apps/desktop/ui-v2/src/Composition.svelte;apps/desktop/ui-v2/src/Registre.svelte;apps/desktop/ui-v2/src/lib/fil.svelte.js
ui,icone,icon,37,apps/desktop/ui-v2/src/App.svelte;apps/desktop/ui-v2/src/Reglages.svelte;apps/desktop/ui-v2/src/lib/invitation.js
ui,texte,text,37,apps/desktop/ui-v2/src/App.svelte;apps/desktop/ui-v2/src/Retour.svelte;apps/desktop/ui-v2/src/lib/invitation.js
ui,ouvert,isOpen,35,apps/desktop/ui-v2/src/Nettoyage.svelte;apps/desktop/ui-v2/src/Registre.svelte;apps/desktop/ui-v2/src/TriSection.svelte
ui,boite,mailbox,34,apps/desktop/ui-v2/src/Fil.svelte;apps/desktop/ui-v2/src/Liste.svelte;apps/desktop/ui-v2/src/Menu.svelte
ui,categorie,category,32,apps/desktop/ui-v2/src/App.svelte
ui,volets,panes,32,apps/desktop/ui-v2/src/App.svelte;apps/desktop/ui-v2/src/Onboarding.svelte;apps/desktop/ui-v2/src/Reglages.svelte
ui,chargerNav,loadNav,29,apps/desktop/ui-v2/src/App.svelte
ui,cartes,cards,27,apps/desktop/ui-v2/src/Kiosque.svelte;apps/desktop/ui-v2/src/PileMisDeCote.svelte
ui,champ,field,26,apps/desktop/ui-v2/src/Composition.svelte;apps/desktop/ui-v2/src/Reglages.svelte;apps/desktop/ui-v2/src/Retour.svelte
ui,epingles,pins,26,apps/desktop/ui-v2/src/Liste.svelte
ui,cadre,frame,25,apps/desktop/ui-v2/src/Liste.svelte;apps/desktop/ui-v2/src/lib/fil.svelte.js
ui,maj,update,25,apps/desktop/ui-v2/src/App.svelte;apps/desktop/ui-v2/src/Reglages.svelte
ui,brouillonId,draftId,21,apps/desktop/ui-v2/src/Composition.svelte
ui,pieces,attachments,21,apps/desktop/ui-v2/src/Composition.svelte;apps/desktop/ui-v2/src/lib/fil.svelte.js
ui,entree,entry,20,apps/desktop/ui-v2/src/Composition.svelte
ui,groupe,group,20,apps/desktop/ui-v2/src/App.svelte;apps/desktop/ui-v2/src/Reglages.svelte;apps/desktop/ui-v2/src/lib/icones.js
ui,cleCarte,cardKey,19,apps/desktop/ui-v2/src/Kiosque.svelte
ui,fermer,close,19,apps/desktop/ui-v2/src/Composition.svelte;apps/desktop/ui-v2/src/Lecture.svelte;apps/desktop/ui-v2/src/Reglages.svelte;apps/desktop/ui-v2/src/Retour.svelte
ui,volet,pane,19,apps/desktop/ui-v2/src/lib/largeurs.svelte.js
ui,champCorps,bodyField,18,apps/desktop/ui-v2/src/Composition.svelte
ui,corps,body,18,apps/desktop/ui-v2/src/Fil.svelte;apps/desktop/ui-v2/src/Kiosque.svelte;apps/desktop/ui-v2/src/Liste.svelte;apps/desktop/ui-v2/src/lib/fil.svelte.js
ui,CLE,KEY,17,apps/desktop/ui-v2/src/lib/espacement.svelte.js;apps/desktop/ui-v2/src/lib/largeurs.svelte.js;apps/desktop/ui-v2/src/lib/theme.js;apps/desktop/ui-v2/src/lib/volets.svelte.js
ui,adresse,address,17,apps/desktop/ui-v2/src/App.svelte;apps/desktop/ui-v2/src/Fil.svelte;apps/desktop/ui-v2/src/GuichetCompte.svelte;apps/desktop/ui-v2/src/Liste.svelte
ui,alerte,alert,17,apps/desktop/ui-v2/src/App.svelte
ui,compte,account,17,apps/desktop/ui-v2/src/App.svelte;apps/desktop/ui-v2/src/Retour.svelte
ui,etape,step,17,apps/desktop/ui-v2/src/Onboarding.svelte
ui,geste,gesture,17,apps/desktop/ui-v2/src/App.svelte;apps/desktop/ui-v2/src/Kiosque.svelte;apps/desktop/ui-v2/src/Liste.svelte;apps/desktop/ui-v2/src/Registre.svelte
ui,groupes,groups,17,apps/desktop/ui-v2/src/Kiosque.svelte;apps/desktop/ui-v2/src/Nettoyage.svelte;apps/desktop/ui-v2/src/Registre.svelte
ui,debut,start,16,apps/desktop/ui-v2/src/Liste.svelte;apps/desktop/ui-v2/src/lib/invitation.js
ui,teinte,hue,16,apps/desktop/ui-v2/src/Reglages.svelte
ui,commande,command,15,apps/desktop/ui-v2/src/Composition.svelte
ui,expediteur,sender,15,apps/desktop/ui-v2/src/Composition.svelte
ui,langue,language,15,apps/desktop/ui-v2/src/Reglages.svelte;apps/desktop/ui-v2/src/lib/texte.svelte.js
ui,repereChoix,markerChoice,15,apps/desktop/ui-v2/src/Reglages.svelte
ui,synchro,sync,15,apps/desktop/ui-v2/src/App.svelte
ui,actif,active,14,apps/desktop/ui-v2/src/App.svelte;apps/desktop/ui-v2/src/Reglages.svelte
ui,avant,before,14,apps/desktop/ui-v2/src/Fil.svelte;apps/desktop/ui-v2/src/Liste.svelte;apps/desktop/ui-v2/src/Reglages.svelte
ui,comptes,accounts,14,apps/desktop/ui-v2/src/App.svelte
ui,fermerFil,closeThread,14,apps/desktop/ui-v2/src/App.svelte;apps/desktop/ui-v2/src/Lecture.svelte;apps/desktop/ui-v2/src/lib/fil.svelte.js
ui,rechargerVues,reloadViews,14,apps/desktop/ui-v2/src/App.svelte
ui,vue,view,14,apps/desktop/ui-v2/src/Fil.svelte;apps/desktop/ui-v2/src/Kiosque.svelte;apps/desktop/ui-v2/src/Nav.svelte;apps/desktop/ui-v2/src/lib/fil.svelte.js
ui,gabaritCorps,bodyTemplate,13,apps/desktop/ui-v2/src/Composition.svelte
ui,messagesOuverts,openMessages,13,apps/desktop/ui-v2/src/Nettoyage.svelte;apps/desktop/ui-v2/src/Registre.svelte
ui,recherche,search,13,apps/desktop/ui-v2/src/App.svelte
ui,choix,choice,12,apps/desktop/ui-v2/src/lib/theme.js;apps/desktop/ui-v2/src/lib/transport.js
ui,corpsModifie,bodyModified,12,apps/desktop/ui-v2/src/Composition.svelte
ui,portierDefauts,screenerDefaults,12,apps/desktop/ui-v2/src/Reglages.svelte
ui,recharger,reload,12,apps/desktop/ui-v2/src/Kiosque.svelte;apps/desktop/ui-v2/src/Liste.svelte;apps/desktop/ui-v2/src/PileMisDeCote.svelte;apps/desktop/ui-v2/src/Portier.svelte;apps/desktop/ui-v2/src/Registre.svelte;apps/desktop/ui-v2/src/main.js
ui,ajoutOuvert,addOpen,11,apps/desktop/ui-v2/src/Onboarding.svelte;apps/desktop/ui-v2/src/Reglages.svelte
ui,enSynchro,syncing,11,apps/desktop/ui-v2/src/App.svelte
ui,envoiEnCours,sendInProgress,11,apps/desktop/ui-v2/src/Composition.svelte;apps/desktop/ui-v2/src/Retour.svelte
ui,gesteSurEcho,gestureOnEcho,11,apps/desktop/ui-v2/src/App.svelte
ui,heure,time,11,apps/desktop/ui-v2/src/lib/invitation.js;apps/desktop/ui-v2/src/lib/quand.js
ui,menuDecision,decisionMenu,11,apps/desktop/ui-v2/src/Reglages.svelte
ui,menuGestes,gestureMenu,11,apps/desktop/ui-v2/src/Liste.svelte
ui,noms,names,11,apps/desktop/ui-v2/src/App.svelte
ui,nonLus,unread,11,apps/desktop/ui-v2/src/Liste.svelte;apps/desktop/ui-v2/src/Nav.svelte
ui,premier,first,11,apps/desktop/ui-v2/src/Liste.svelte
ui,volSauvegarde,saveFlight,11,apps/desktop/ui-v2/src/Composition.svelte
ui,autre,other,10,apps/desktop/ui-v2/src/Reglages.svelte;apps/desktop/ui-v2/src/lib/fil.svelte.js
ui,chargementPlus,loadingMore,10,apps/desktop/ui-v2/src/Liste.svelte;apps/desktop/ui-v2/src/Registre.svelte
ui,choixSuggere,suggestedChoice,10,apps/desktop/ui-v2/src/Composition.svelte
ui,defauts,defaults,10,apps/desktop/ui-v2/src/Nettoyage.svelte;apps/desktop/ui-v2/src/Portier.svelte
ui,derniere,last,10,apps/desktop/ui-v2/src/App.svelte
ui,erreur,error,10,apps/desktop/ui-v2/src/App.svelte;apps/desktop/ui-v2/src/GuichetCompte.svelte
ui,fermerSuggestions,closeSuggestions,10,apps/desktop/ui-v2/src/Composition.svelte
ui,fin,end,10,apps/desktop/ui-v2/src/Liste.svelte;apps/desktop/ui-v2/src/lib/invitation.js
ui,jetonCycle,cycleToken,10,apps/desktop/ui-v2/src/App.svelte
ui,jour,day,10,apps/desktop/ui-v2/src/lib/quand.js
ui,kiosque,feed,10,apps/desktop/ui-v2/src/App.svelte;apps/desktop/ui-v2/src/Nettoyage.svelte;apps/desktop/ui-v2/src/Portier.svelte;apps/desktop/ui-v2/src/Reglages.svelte;apps/desktop/ui-v2/src/lib/icones.js;apps/desktop/ui-v2/src/lib/portier.js
ui,lignesBrouillons,draftRows,10,apps/desktop/ui-v2/src/Liste.svelte
ui,ouvrir,open,10,apps/desktop/ui-v2/src/Composition.svelte;apps/desktop/ui-v2/src/Conversation.svelte;apps/desktop/ui-v2/src/Lecture.svelte;apps/desktop/ui-v2/src/PileMisDeCote.svelte;apps/desktop/ui-v2/src/Reglages.svelte;apps/desktop/ui-v2/src/Retour.svelte;apps/desktop/ui-v2/src/lib/liens.js
ui,plage,range,10,apps/desktop/ui-v2/src/Nettoyage.svelte
ui,refus,refusal,10,apps/desktop/ui-v2/src/Composition.svelte
ui,registre,paperTrail,10,apps/desktop/ui-v2/src/App.svelte;apps/desktop/ui-v2/src/Nettoyage.svelte;apps/desktop/ui-v2/src/Portier.svelte;apps/desktop/ui-v2/src/Reglages.svelte;apps/desktop/ui-v2/src/lib/icones.js;apps/desktop/ui-v2/src/lib/portier.js
ui,reperes,markers,10,apps/desktop/ui-v2/src/App.svelte
ui,routagesListe,routingsList,10,apps/desktop/ui-v2/src/Reglages.svelte
ui,sonde,probe,10,apps/desktop/ui-v2/src/App.svelte;apps/desktop/ui-v2/src/ModaleMigration.svelte
ui,tiroirOuvert,drawerOpen,10,apps/desktop/ui-v2/src/App.svelte
ui,attente,pending,9,apps/desktop/ui-v2/src/GuichetCompte.svelte;apps/desktop/ui-v2/src/main.js
ui,brouillonEpoch,draftEpoch,9,apps/desktop/ui-v2/src/Composition.svelte
ui,cleMsg,msgKey,9,apps/desktop/ui-v2/src/lib/fil.svelte.js
ui,composition,compose,9,apps/desktop/ui-v2/src/App.svelte
ui,enLigne,online,9,apps/desktop/ui-v2/src/App.svelte
ui,enVol,inFlight,9,apps/desktop/ui-v2/src/Kiosque.svelte;apps/desktop/ui-v2/src/lib/organise.svelte.js
ui,ferme,closed,9,apps/desktop/ui-v2/src/App.svelte
ui,lignes,lines,9,apps/desktop/ui-v2/src/App.svelte
ui,nomOuvert,nameOpen,9,apps/desktop/ui-v2/src/Reglages.svelte
ui,objet,subject,9,apps/desktop/ui-v2/src/Composition.svelte
ui,quand,when,9,apps/desktop/ui-v2/src/App.svelte;apps/desktop/ui-v2/src/Composition.svelte;apps/desktop/ui-v2/src/lib/quand.js
ui,repere,marker,9,apps/desktop/ui-v2/src/Nav.svelte;apps/desktop/ui-v2/src/lib/boite.js
ui,bulles,bubbles,8,apps/desktop/ui-v2/src/Reglages.svelte
ui,champSuggere,suggestedField,8,apps/desktop/ui-v2/src/Composition.svelte
ui,cochee,checked,8,apps/desktop/ui-v2/src/Liste.svelte
ui,corpsAuto,autoBody,8,apps/desktop/ui-v2/src/Composition.svelte;apps/desktop/ui-v2/src/lib/corps.js
ui,fenetre,window,8,apps/desktop/ui-v2/src/Liste.svelte;apps/desktop/ui-v2/src/lib/theme.js
ui,gesteEnCours,gestureInProgress,8,apps/desktop/ui-v2/src/Liste.svelte
ui,largeurActuelle,currentWidth,8,apps/desktop/ui-v2/src/App.svelte;apps/desktop/ui-v2/src/lib/largeurs.svelte.js
ui,lecture,reading,8,apps/desktop/ui-v2/src/App.svelte;apps/desktop/ui-v2/src/lib/fil.svelte.js
ui,menuDeplacer,moveMenu,8,apps/desktop/ui-v2/src/BarreFil.svelte
ui,modifierRoutage,editRouting,8,apps/desktop/ui-v2/src/Reglages.svelte
ui,poserCorps,setBody,8,apps/desktop/ui-v2/src/Composition.svelte
ui,programmerSauvegarde,scheduleSave,8,apps/desktop/ui-v2/src/Composition.svelte
ui,rattrapageCorps,bodyBackfill,8,apps/desktop/ui-v2/src/App.svelte
ui,receptionOrganisee,organizedInbox,8,apps/desktop/ui-v2/src/App.svelte
ui,repereErreur,markerError,8,apps/desktop/ui-v2/src/Reglages.svelte
ui,repondreInvitation,replyInvitation,8,apps/desktop/ui-v2/src/Fil.svelte;apps/desktop/ui-v2/src/Liste.svelte
ui,retourBoite,backToMailbox,8,apps/desktop/ui-v2/src/App.svelte
ui,suivante,next,8,apps/desktop/ui-v2/src/App.svelte;apps/desktop/ui-v2/src/Liste.svelte
ui,sujet,subject,8,apps/desktop/ui-v2/src/App.svelte;apps/desktop/ui-v2/src/Fil.svelte;apps/desktop/ui-v2/src/Liste.svelte
ui,terminer,finish,8,apps/desktop/ui-v2/src/Nettoyage.svelte;apps/desktop/ui-v2/src/Onboarding.svelte;apps/desktop/ui-v2/src/PileMisDeCote.svelte
ui,tour,turn,8,apps/desktop/ui-v2/src/Composition.svelte;apps/desktop/ui-v2/src/Liste.svelte
ui,tri,sort,8,apps/desktop/ui-v2/src/Nettoyage.svelte;apps/desktop/ui-v2/src/Registre.svelte
ui,DEFAUTS,DEFAULTS,7,apps/desktop/ui-v2/src/lib/largeurs.svelte.js
ui,appliquerTheme,applyTheme,7,apps/desktop/ui-v2/src/Onboarding.svelte;apps/desktop/ui-v2/src/Reglages.svelte;apps/desktop/ui-v2/src/lib/theme.js;apps/desktop/ui-v2/src/main.js
ui,champsSignature,signatureFields,7,apps/desktop/ui-v2/src/Reglages.svelte
ui,charger,load,7,apps/desktop/ui-v2/src/Kiosque.svelte;apps/desktop/ui-v2/src/Registre.svelte
ui,cibles,targets,7,apps/desktop/ui-v2/src/App.svelte;apps/desktop/ui-v2/src/Kiosque.svelte
ui,demandeSuppr,deleteRequest,7,apps/desktop/ui-v2/src/Composition.svelte
ui,derniereOuvertureMs,lastOpenMs,7,apps/desktop/ui-v2/src/lib/fil.svelte.js
ui,estRepliee,isCollapsed,7,apps/desktop/ui-v2/src/Kiosque.svelte
ui,expediteursImages,imageSenders,7,apps/desktop/ui-v2/src/Reglages.svelte
ui,fermerCartes,closeCards,7,apps/desktop/ui-v2/src/Reglages.svelte
ui,lancer,launch,7,apps/desktop/ui-v2/src/Liste.svelte;apps/desktop/ui-v2/src/lib/transport.js
ui,montrerCc,showCc,7,apps/desktop/ui-v2/src/Composition.svelte
ui,montrerCouleurs,showColors,7,apps/desktop/ui-v2/src/Composition.svelte
ui,montrerDiffere,showDeferred,7,apps/desktop/ui-v2/src/Composition.svelte
ui,passeApresGeste,passAfterGesture,7,apps/desktop/ui-v2/src/App.svelte
ui,probleme,problem,7,apps/desktop/ui-v2/src/App.svelte
ui,reponsesEnVol,repliesInFlight,7,apps/desktop/ui-v2/src/Fil.svelte
ui,reponsesInvitation,invitationReplies,7,apps/desktop/ui-v2/src/Liste.svelte
ui,sourceTransfert,sourceForward,7,apps/desktop/ui-v2/src/Composition.svelte
ui,surDefilement,onScroll,7,apps/desktop/ui-v2/src/Kiosque.svelte;apps/desktop/ui-v2/src/Liste.svelte
ui,survolVolets,panesHover,7,apps/desktop/ui-v2/src/Onboarding.svelte
ui,synchroEchec,syncFailure,7,apps/desktop/ui-v2/src/App.svelte
ui,totalListe,listTotal,7,apps/desktop/ui-v2/src/App.svelte
ui,BOITE_DE,MAILBOX_OF,6,apps/desktop/ui-v2/src/Nettoyage.svelte;apps/desktop/ui-v2/src/Portier.svelte;apps/desktop/ui-v2/src/Reglages.svelte
ui,TOAST_NON,TOAST_NO,6,apps/desktop/ui-v2/src/Nettoyage.svelte;apps/desktop/ui-v2/src/Portier.svelte;apps/desktop/ui-v2/src/Reglages.svelte
ui,accueilAJouer,onboardingToPlay,6,apps/desktop/ui-v2/src/App.svelte
ui,adresses,addresses,6,apps/desktop/ui-v2/src/Fil.svelte
ui,annee,year,6,apps/desktop/ui-v2/src/lib/invitation.js
ui,avisMaj,updateNotice,6,apps/desktop/ui-v2/src/App.svelte
ui,brouillonDuFil,threadDraft,6,apps/desktop/ui-v2/src/Fil.svelte
ui,centre,center,6,apps/desktop/ui-v2/src/Liste.svelte
ui,chargerMessage,loadMessage,6,apps/desktop/ui-v2/src/lib/fil.svelte.js
ui,chipsParPage,chipsPerPage,6,apps/desktop/ui-v2/src/Liste.svelte
ui,dateDiffere,deferredDate,6,apps/desktop/ui-v2/src/Composition.svelte
ui,epinglesRepondues,answeredPins,6,apps/desktop/ui-v2/src/Liste.svelte
ui,gabaritSeul,templateAlone,6,apps/desktop/ui-v2/src/Composition.svelte
ui,horizonErreur,horizonError,6,apps/desktop/ui-v2/src/Reglages.svelte
ui,horizonOuvert,horizonOpen,6,apps/desktop/ui-v2/src/Reglages.svelte
ui,jetonNav,navToken,6,apps/desktop/ui-v2/src/App.svelte
ui,jetonRecherche,searchToken,6,apps/desktop/ui-v2/src/Liste.svelte
ui,montrerCci,showBcc,6,apps/desktop/ui-v2/src/Composition.svelte
ui,nomErreur,nameError,6,apps/desktop/ui-v2/src/Reglages.svelte
ui,ouvrirMini,openMini,6,apps/desktop/ui-v2/src/Nettoyage.svelte;apps/desktop/ui-v2/src/Portier.svelte
ui,perimetre,scope,6,apps/desktop/ui-v2/src/Nettoyage.svelte
ui,persisterLargeurs,persistWidths,6,apps/desktop/ui-v2/src/App.svelte;apps/desktop/ui-v2/src/lib/largeurs.svelte.js
ui,plusPossible,morePossible,6,apps/desktop/ui-v2/src/Registre.svelte
ui,rangs,ranks,6,apps/desktop/ui-v2/src/Kiosque.svelte;apps/desktop/ui-v2/src/Portier.svelte
ui,rattrapagePct,backfillPct,6,apps/desktop/ui-v2/src/App.svelte
ui,reconnexionErreur,reconnectionError,6,apps/desktop/ui-v2/src/Reglages.svelte
ui,reglages,settings,6,apps/desktop/ui-v2/src/App.svelte
ui,repereOuvert,markerOpen,6,apps/desktop/ui-v2/src/Reglages.svelte
ui,retraitErreur,removalError,6,apps/desktop/ui-v2/src/Reglages.svelte
ui,selectionCorps,bodySelection,6,apps/desktop/ui-v2/src/Composition.svelte
ui,sombreSignale,darkFlagged,6,apps/desktop/ui-v2/src/lib/theme.js
ui,sonderBrouillons,probeDrafts,6,apps/desktop/ui-v2/src/App.svelte
ui,synchroPartiel,syncPartial,6,apps/desktop/ui-v2/src/App.svelte
ui,themeActif,activeTheme,6,apps/desktop/ui-v2/src/Onboarding.svelte
ui,totalPrecis,exactTotal,6,apps/desktop/ui-v2/src/Liste.svelte
ui,totalResultats,resultsTotal,6,apps/desktop/ui-v2/src/Liste.svelte
ui,trait,stroke,6,apps/desktop/ui-v2/src/App.svelte;apps/desktop/ui-v2/src/Marque.svelte
ui,appliquerLangue,applyLanguage,5,apps/desktop/ui-v2/src/Reglages.svelte;apps/desktop/ui-v2/src/lib/texte.svelte.js
ui,archiver,archive,5,apps/desktop/ui-v2/src/App.svelte
ui,avisConnexion,connectionNotice,5,apps/desktop/ui-v2/src/App.svelte
ui,basculerCote,toggleAside,5,apps/desktop/ui-v2/src/App.svelte
ui,basculerGroupe,toggleGroup,5,apps/desktop/ui-v2/src/Nettoyage.svelte;apps/desktop/ui-v2/src/Registre.svelte
ui,basculerMessage,toggleMessage,5,apps/desktop/ui-v2/src/lib/fil.svelte.js
ui,brouillons,drafts,5,apps/desktop/ui-v2/src/App.svelte
ui,champRecherche,searchField,5,apps/desktop/ui-v2/src/App.svelte
ui,cleVol,flightKey,5,apps/desktop/ui-v2/src/Liste.svelte
ui,compteDe,accountOf,5,apps/desktop/ui-v2/src/Composition.svelte
ui,cote,aside,5,apps/desktop/ui-v2/src/App.svelte
ui,deplacerExpediteur,moveSender,5,apps/desktop/ui-v2/src/App.svelte
ui,ecartJours,dayGap,5,apps/desktop/ui-v2/src/lib/quand.js
ui,enregistrerSignature,saveSignature,5,apps/desktop/ui-v2/src/Reglages.svelte
ui,estEcho,isEcho,5,apps/desktop/ui-v2/src/lib/fil.svelte.js
ui,groupesOuverts,openGroups,5,apps/desktop/ui-v2/src/Kiosque.svelte
ui,hautEpingles,pinsTop,5,apps/desktop/ui-v2/src/Liste.svelte
ui,jetonSignature,signatureToken,5,apps/desktop/ui-v2/src/Composition.svelte
ui,marquerAccueilFait,markOnboardingDone,5,apps/desktop/ui-v2/src/App.svelte;apps/desktop/ui-v2/src/Onboarding.svelte;apps/desktop/ui-v2/src/lib/accueil.js
ui,nTotal,totalCount,5,apps/desktop/ui-v2/src/App.svelte
ui,nomOccupe,nameTaken,5,apps/desktop/ui-v2/src/Reglages.svelte
ui,nonLues,unread,5,apps/desktop/ui-v2/src/Kiosque.svelte
ui,ouvrirMenu,openMenu,5,apps/desktop/ui-v2/src/Kiosque.svelte;apps/desktop/ui-v2/src/Registre.svelte
ui,parQui,byWhom,5,apps/desktop/ui-v2/src/Kiosque.svelte
ui,premierePageMs,firstPageMs,5,apps/desktop/ui-v2/src/Liste.svelte
ui,prochainProgramme,nextScheduled,5,apps/desktop/ui-v2/src/App.svelte
ui,rattraperCorps,backfillBodies,5,apps/desktop/ui-v2/src/App.svelte
ui,reglerLargeur,setWidth,5,apps/desktop/ui-v2/src/App.svelte;apps/desktop/ui-v2/src/lib/largeurs.svelte.js
ui,relever,poll,5,apps/desktop/ui-v2/src/App.svelte
ui,retour,back,5,apps/desktop/ui-v2/src/App.svelte;apps/desktop/ui-v2/src/Onboarding.svelte
ui,supprimer,deleteConversation,5,apps/desktop/ui-v2/src/App.svelte
ui,surSelection,onSelection,5,apps/desktop/ui-v2/src/App.svelte;apps/desktop/ui-v2/src/Composition.svelte
ui,vide,empty,5,apps/desktop/ui-v2/src/Composition.svelte
ui,CLE_AUTO,AUTO_KEY,4,apps/desktop/ui-v2/src/lib/theme.js
ui,DEFAUT,DEFAULT,4,apps/desktop/ui-v2/src/lib/espacement.svelte.js
ui,ETAPES,STEPS,4,apps/desktop/ui-v2/src/Onboarding.svelte
ui,VIDE,EMPTY,4,apps/desktop/ui-v2/src/lib/fil.svelte.js
ui,attentePortier,screenerPending,4,apps/desktop/ui-v2/src/Fil.svelte
ui,avisCrash,crashNotice,4,apps/desktop/ui-v2/src/App.svelte
ui,avisEnvoi,sendNotice,4,apps/desktop/ui-v2/src/App.svelte
ui,avisTelemetrie,telemetryNotice,4,apps/desktop/ui-v2/src/App.svelte
ui,boiteDe,mailboxOf,4,apps/desktop/ui-v2/src/Fil.svelte;apps/desktop/ui-v2/src/Liste.svelte
ui,brouillon,draft,4,apps/desktop/ui-v2/src/App.svelte
ui,champA,toField,4,apps/desktop/ui-v2/src/Composition.svelte
ui,champCc,ccField,4,apps/desktop/ui-v2/src/Composition.svelte
ui,champCci,bccField,4,apps/desktop/ui-v2/src/Composition.svelte
ui,chargerPlus,loadMore,4,apps/desktop/ui-v2/src/Liste.svelte;apps/desktop/ui-v2/src/Registre.svelte
ui,cible,target,4,apps/desktop/ui-v2/src/lib/organise.svelte.js
ui,clavierAdresse,addressKeyboard,4,apps/desktop/ui-v2/src/Composition.svelte
ui,commandeSignature,signatureCommand,4,apps/desktop/ui-v2/src/Reglages.svelte
ui,corbeille,trash,4,apps/desktop/ui-v2/src/Nettoyage.svelte;apps/desktop/ui-v2/src/Portier.svelte;apps/desktop/ui-v2/src/Reglages.svelte;apps/desktop/ui-v2/src/lib/portier.js
ui,corpsEnCours,bodyInProgress,4,apps/desktop/ui-v2/src/App.svelte
ui,corpsVersion,bodyVersion,4,apps/desktop/ui-v2/src/Composition.svelte
ui,coutureEnVol,seamInFlight,4,apps/desktop/ui-v2/src/Liste.svelte
ui,demarrer,start,4,apps/desktop/ui-v2/src/Nettoyage.svelte
ui,ecrire,write,4,apps/desktop/ui-v2/src/App.svelte
ui,envoisEnAttente,pendingSends,4,apps/desktop/ui-v2/src/App.svelte
ui,envoyer,send,4,apps/desktop/ui-v2/src/Composition.svelte;apps/desktop/ui-v2/src/Retour.svelte
ui,erreurs,errors,4,apps/desktop/ui-v2/src/lib/fil.svelte.js
ui,espacement,spacing,4,apps/desktop/ui-v2/src/Reglages.svelte
ui,estOuverte,isOpen,4,apps/desktop/ui-v2/src/Composition.svelte;apps/desktop/ui-v2/src/Conversation.svelte;apps/desktop/ui-v2/src/Reglages.svelte;apps/desktop/ui-v2/src/Retour.svelte
ui,filtreRoutages,routingsFilter,4,apps/desktop/ui-v2/src/Reglages.svelte
ui,generationVue,viewGeneration,4,apps/desktop/ui-v2/src/App.svelte
ui,generiqueOuvert,genericOpen,4,apps/desktop/ui-v2/src/Onboarding.svelte
ui,gestesOrganise,organizedGestures,4,apps/desktop/ui-v2/src/Liste.svelte
ui,groupesTries,sortedGroups,4,apps/desktop/ui-v2/src/Nettoyage.svelte;apps/desktop/ui-v2/src/Registre.svelte
ui,hCadre,frameHeight,4,apps/desktop/ui-v2/src/Liste.svelte
ui,heures,hours,4,apps/desktop/ui-v2/src/lib/quand.js
ui,imagesBloquees,blockedImages,4,apps/desktop/ui-v2/src/lib/fil.svelte.js
ui,jetonSuggere,suggestToken,4,apps/desktop/ui-v2/src/Composition.svelte
ui,kiosqueTotal,feedTotal,4,apps/desktop/ui-v2/src/App.svelte
ui,largeur,width,4,apps/desktop/ui-v2/src/lib/corps.js
ui,lien,link,4,apps/desktop/ui-v2/src/lib/liens.js
ui,mesureDemandee,measureRequested,4,apps/desktop/ui-v2/src/Kiosque.svelte
ui,minuterieSuggere,suggestTimer,4,apps/desktop/ui-v2/src/Composition.svelte
ui,nbPieces,attachmentCount,4,apps/desktop/ui-v2/src/lib/fil.svelte.js
ui,nbPiecesDe,attachmentCountOf,4,apps/desktop/ui-v2/src/Fil.svelte
ui,neuve,fresh,4,apps/desktop/ui-v2/src/Composition.svelte
ui,nomBrouillon,draftName,4,apps/desktop/ui-v2/src/Reglages.svelte
ui,panne,failure,4,apps/desktop/ui-v2/src/lib/transport.js
ui,plafondPoignee,handleCap,4,apps/desktop/ui-v2/src/App.svelte
ui,portierTotal,screenerTotal,4,apps/desktop/ui-v2/src/App.svelte
ui,premiere,first,4,apps/desktop/ui-v2/src/Kiosque.svelte
ui,rangsPuces,chipRanks,4,apps/desktop/ui-v2/src/Liste.svelte
ui,rattrapageApercus,previewBackfill,4,apps/desktop/ui-v2/src/App.svelte
ui,reception,inbox,4,apps/desktop/ui-v2/src/Nettoyage.svelte;apps/desktop/ui-v2/src/Portier.svelte;apps/desktop/ui-v2/src/Reglages.svelte;apps/desktop/ui-v2/src/lib/portier.js
ui,registreTotal,paperTrailTotal,4,apps/desktop/ui-v2/src/App.svelte
ui,repondre,reply,4,apps/desktop/ui-v2/src/App.svelte
ui,reprendreBrouillon,resumeDraft,4,apps/desktop/ui-v2/src/App.svelte
ui,reprise,resume,4,apps/desktop/ui-v2/src/ModaleMigration.svelte
ui,routagesVisibles,visibleRoutings,4,apps/desktop/ui-v2/src/Reglages.svelte
ui,sonderSynchro,probeSync,4,apps/desktop/ui-v2/src/App.svelte
ui,surFrappeAdresse,onAddressKeystroke,4,apps/desktop/ui-v2/src/Composition.svelte
ui,totalEnVol,totalInFlight,4,apps/desktop/ui-v2/src/Liste.svelte
ui,totalServiA,totalServedAt,4,apps/desktop/ui-v2/src/Liste.svelte
ui,transferer,forward,4,apps/desktop/ui-v2/src/App.svelte
ui,triHistorique,sortHistory,4,apps/desktop/ui-v2/src/Portier.svelte
ui,triLus,sortRead,4,apps/desktop/ui-v2/src/Kiosque.svelte
ui,triNonLus,sortUnread,4,apps/desktop/ui-v2/src/Kiosque.svelte
ui,verifierMaj,checkUpdate,4,apps/desktop/ui-v2/src/App.svelte;apps/desktop/ui-v2/src/Reglages.svelte
ui,viderSelection,clearSelection,4,apps/desktop/ui-v2/src/Liste.svelte
ui,vues,views,4,apps/desktop/ui-v2/src/Kiosque.svelte
ui,zoneCorps,bodyArea,4,apps/desktop/ui-v2/src/Composition.svelte
ui,CATALOGUES,CATALOGS,3,apps/desktop/ui-v2/src/lib/texte.svelte.js
ui,CLE_COMMENCE,STARTED_KEY,3,apps/desktop/ui-v2/src/lib/accueil.js
ui,CLE_FAIT,DONE_KEY,3,apps/desktop/ui-v2/src/lib/accueil.js
ui,FENETRE,WINDOW,3,apps/desktop/ui-v2/src/Kiosque.svelte
ui,ICONES_REPONSE,REPLY_ICONS,3,apps/desktop/ui-v2/src/lib/invitation.js
ui,JEU,SET,3,apps/desktop/ui-v2/src/lib/icones.js
ui,LOT,BATCH,3,apps/desktop/ui-v2/src/Liste.svelte
ui,accorderImages,grantImages,3,apps/desktop/ui-v2/src/Kiosque.svelte
ui,agrandirFil,enlargeThread,3,apps/desktop/ui-v2/src/Conversation.svelte;apps/desktop/ui-v2/src/lib/fil.svelte.js
ui,ajout,add,3,apps/desktop/ui-v2/src/lib/transport.js
ui,aller,go,3,apps/desktop/ui-v2/src/Liste.svelte
ui,ancienne,old,3,apps/desktop/ui-v2/src/Kiosque.svelte
ui,appliquerEspacement,applySpacing,3,apps/desktop/ui-v2/src/Reglages.svelte;apps/desktop/ui-v2/src/lib/espacement.svelte.js
ui,appliquerLargeur,applyWidth,3,apps/desktop/ui-v2/src/App.svelte;apps/desktop/ui-v2/src/lib/largeurs.svelte.js
ui,appliquerVolets,applyPanes,3,apps/desktop/ui-v2/src/Reglages.svelte;apps/desktop/ui-v2/src/lib/volets.svelte.js
ui,autresPuces,otherChips,3,apps/desktop/ui-v2/src/Liste.svelte
ui,avaitBrouillon,hadDraft,3,apps/desktop/ui-v2/src/Composition.svelte
ui,avancerApres,advanceAfter,3,apps/desktop/ui-v2/src/App.svelte
ui,avisProgramme,scheduledNotice,3,apps/desktop/ui-v2/src/App.svelte
ui,avisRefus,refusalNotice,3,apps/desktop/ui-v2/src/App.svelte
ui,barre,bar,3,apps/desktop/ui-v2/src/Composition.svelte
ui,boites,mailboxes,3,apps/desktop/ui-v2/src/Nav.svelte
ui,brouillonDe,draftOf,3,apps/desktop/ui-v2/src/Liste.svelte
ui,changerPortier,changeScreener,3,apps/desktop/ui-v2/src/Reglages.svelte
ui,chargeCorps,bodyLoaded,3,apps/desktop/ui-v2/src/Composition.svelte
ui,chargerGroupes,loadGroups,3,apps/desktop/ui-v2/src/Nettoyage.svelte
ui,chargerNavMaintenant,loadNavNow,3,apps/desktop/ui-v2/src/App.svelte
ui,chemins,paths,3,apps/desktop/ui-v2/src/Composition.svelte
ui,chipsAvant,chipsBefore,3,apps/desktop/ui-v2/src/Liste.svelte
ui,choisirGroupe,chooseGroup,3,apps/desktop/ui-v2/src/Reglages.svelte
ui,choisirRepere,chooseMarker,3,apps/desktop/ui-v2/src/Reglages.svelte
ui,cleLigne,rowKey,3,apps/desktop/ui-v2/src/Liste.svelte
ui,commandeSelect,selectCommand,3,apps/desktop/ui-v2/src/Composition.svelte
ui,compteAjoute,accountAdded,3,apps/desktop/ui-v2/src/App.svelte
ui,corpsHtmlInitial,initialBodyHtml,3,apps/desktop/ui-v2/src/Composition.svelte
ui,corpsTexteInitial,initialBodyText,3,apps/desktop/ui-v2/src/Composition.svelte
ui,courrierVu,mailSeen,3,apps/desktop/ui-v2/src/App.svelte
ui,court,short,3,apps/desktop/ui-v2/src/lib/quand.js
ui,dansUneHeure,inOneHour,3,apps/desktop/ui-v2/src/Composition.svelte
ui,delai,delay,3,apps/desktop/ui-v2/src/App.svelte
ui,demanderRetrait,requestRemoval,3,apps/desktop/ui-v2/src/Reglages.svelte
ui,depart,start,3,apps/desktop/ui-v2/src/Liste.svelte
ui,dernier,last,3,apps/desktop/ui-v2/src/lib/fil.svelte.js
ui,dernierMouvement,lastMove,3,apps/desktop/ui-v2/src/App.svelte
ui,dernierTic,lastTick,3,apps/desktop/ui-v2/src/App.svelte
ui,enAttente,pending,3,apps/desktop/ui-v2/src/Fil.svelte
ui,enReponse,replying,3,apps/desktop/ui-v2/src/Composition.svelte
ui,enregistrerNom,saveName,3,apps/desktop/ui-v2/src/Reglages.svelte
ui,entetesAvant,headersBefore,3,apps/desktop/ui-v2/src/Liste.svelte
ui,envoyerAvec,sendWith,3,apps/desktop/ui-v2/src/Composition.svelte
ui,epinglerFil,pinThread,3,apps/desktop/ui-v2/src/App.svelte
ui,estGoogle,isGoogle,3,apps/desktop/ui-v2/src/GuichetCompte.svelte
ui,etiquette,label,3,apps/desktop/ui-v2/src/Fil.svelte
ui,executerRecherche,runSearch,3,apps/desktop/ui-v2/src/Liste.svelte
ui,ficheActive,activeCard,3,apps/desktop/ui-v2/src/Onboarding.svelte
ui,gestesInvitation,invitationGestures,3,apps/desktop/ui-v2/src/Liste.svelte
ui,hautEpinglesMesure,pinsTopMeasured,3,apps/desktop/ui-v2/src/Liste.svelte
ui,indexVisible,visibleIndex,3,apps/desktop/ui-v2/src/Kiosque.svelte
ui,journal,log,3,apps/desktop/ui-v2/src/lib/transport.js
ui,kiosqueCartes,feedCards,3,apps/desktop/ui-v2/src/App.svelte
ui,lListe,listWidth,3,apps/desktop/ui-v2/src/App.svelte
ui,lancerEpingles,startPins,3,apps/desktop/ui-v2/src/Liste.svelte
ui,lieuOrg,orgLocation,3,apps/desktop/ui-v2/src/Fil.svelte
ui,ligneA,rowAt,3,apps/desktop/ui-v2/src/Liste.svelte
ui,lot,batch,3,apps/desktop/ui-v2/src/Liste.svelte
ui,majActifs,activeUpdates,3,apps/desktop/ui-v2/src/Composition.svelte
ui,majEchecs,failedUpdates,3,apps/desktop/ui-v2/src/App.svelte
ui,marquerLegitime,markLegitimate,3,apps/desktop/ui-v2/src/App.svelte
ui,marquerLue,markRead,3,apps/desktop/ui-v2/src/Kiosque.svelte;apps/desktop/ui-v2/src/Liste.svelte
ui,marquerVue,markSeen,3,apps/desktop/ui-v2/src/App.svelte
ui,melangeComptes,mixedAccounts,3,apps/desktop/ui-v2/src/App.svelte
ui,mesurer,measure,3,apps/desktop/ui-v2/src/lib/corps.js
ui,minuterieRecherche,searchTimer,3,apps/desktop/ui-v2/src/Liste.svelte
ui,modaleMigration,migrationModal,3,apps/desktop/ui-v2/src/App.svelte
ui,mois,month,3,apps/desktop/ui-v2/src/lib/quand.js
ui,motDePasse,password,3,apps/desktop/ui-v2/src/GuichetCompte.svelte
ui,nomAdr,nameAddr,3,apps/desktop/ui-v2/src/Fil.svelte
ui,non,no,3,apps/desktop/ui-v2/src/Reglages.svelte
ui,nouveau,newValue,3,apps/desktop/ui-v2/src/lib/fil.svelte.js
ui,nuit,night,3,apps/desktop/ui-v2/src/lib/theme.js
ui,ongletActif,tabActive,3,apps/desktop/ui-v2/src/Liste.svelte
ui,oui,yes,3,apps/desktop/ui-v2/src/Reglages.svelte
ui,ouvrirConversation,openConversation,3,apps/desktop/ui-v2/src/App.svelte
ui,panneau,panel,3,apps/desktop/ui-v2/src/Reglages.svelte
ui,pas,delta,3,apps/desktop/ui-v2/src/App.svelte
ui,patcherNom,patchName,3,apps/desktop/ui-v2/src/App.svelte
ui,patcherRepere,patchMarker,3,apps/desktop/ui-v2/src/App.svelte
ui,peutContinuer,canContinue,3,apps/desktop/ui-v2/src/Onboarding.svelte
ui,proposerMaj,offerUpdate,3,apps/desktop/ui-v2/src/App.svelte
ui,propre,own,3,apps/desktop/ui-v2/src/Fil.svelte
ui,quandInv,invWhen,3,apps/desktop/ui-v2/src/Fil.svelte
ui,reduireFil,shrinkThread,3,apps/desktop/ui-v2/src/App.svelte;apps/desktop/ui-v2/src/lib/fil.svelte.js
ui,regle,rule,3,apps/desktop/ui-v2/src/Composition.svelte
ui,releve,poll,3,apps/desktop/ui-v2/src/lib/transport.js
ui,repondantInv,invAttendee,3,apps/desktop/ui-v2/src/Fil.svelte
ui,repondreTous,replyAll,3,apps/desktop/ui-v2/src/App.svelte
ui,resoudreReprise,resolveResume,3,apps/desktop/ui-v2/src/ModaleMigration.svelte
ui,restaurerEspacement,restoreSpacing,3,apps/desktop/ui-v2/src/lib/espacement.svelte.js;apps/desktop/ui-v2/src/main.js
ui,restaurerLargeurs,restoreWidths,3,apps/desktop/ui-v2/src/lib/largeurs.svelte.js;apps/desktop/ui-v2/src/main.js
ui,restaurerModeOrganise,restoreOrganizedMode,3,apps/desktop/ui-v2/src/App.svelte;apps/desktop/ui-v2/src/lib/organise.svelte.js
ui,restaurerTheme,restoreTheme,3,apps/desktop/ui-v2/src/lib/theme.js;apps/desktop/ui-v2/src/main.js
ui,restaurerVolets,restorePanes,3,apps/desktop/ui-v2/src/lib/volets.svelte.js;apps/desktop/ui-v2/src/main.js
ui,retenue,hold,3,apps/desktop/ui-v2/src/lib/transport.js
ui,sauverMaintenant,saveNow,3,apps/desktop/ui-v2/src/Composition.svelte
ui,sceneSansLecture,sceneWithoutReading,3,apps/desktop/ui-v2/src/App.svelte
ui,sectionCollee,stuckSection,3,apps/desktop/ui-v2/src/Liste.svelte
ui,signalerSpam,reportSpam,3,apps/desktop/ui-v2/src/App.svelte
ui,sondeBrouillons,draftsProbe,3,apps/desktop/ui-v2/src/App.svelte
ui,sonderEtat,probeState,3,apps/desktop/ui-v2/src/App.svelte
ui,sujetRe,reSubject,3,apps/desktop/ui-v2/src/Composition.svelte
ui,surLoad,onLoad,3,apps/desktop/ui-v2/src/lib/corps.js
ui,texteInitial,initialText,3,apps/desktop/ui-v2/src/Composition.svelte
ui,themeActuel,currentTheme,3,apps/desktop/ui-v2/src/lib/theme.js
ui,toastMinuterie,toastTimer,3,apps/desktop/ui-v2/src/App.svelte
ui,totalPieces,attachmentsTotal,3,apps/desktop/ui-v2/src/Fil.svelte
ui,touche,key,3,apps/desktop/ui-v2/src/Menu.svelte
ui,versEnvoi,toSend,3,apps/desktop/ui-v2/src/Liste.svelte
ui,vol,flight,3,apps/desktop/ui-v2/src/lib/transport.js
ui,voletsAvant,panesBefore,3,apps/desktop/ui-v2/src/App.svelte
ui,ADRESSE_RETOURS,FEEDBACK_ADDRESS,2,apps/desktop/ui-v2/src/Retour.svelte
ui,BORNES,BOUNDS,2,apps/desktop/ui-v2/src/lib/largeurs.svelte.js
ui,COMMANDES,COMMANDS,2,apps/desktop/ui-v2/src/Composition.svelte
ui,COULEURS,COLORS,2,apps/desktop/ui-v2/src/Composition.svelte
ui,CYCLE_COMPLET_MS,FULL_CYCLE_MS,2,apps/desktop/ui-v2/src/App.svelte
ui,GESTES_BARRE,BAR_GESTURES,2,apps/desktop/ui-v2/src/Liste.svelte
ui,GESTES_GROUPE,GROUP_GESTURES,2,apps/desktop/ui-v2/src/App.svelte
ui,GROUPES,GROUPS,2,apps/desktop/ui-v2/src/Reglages.svelte
ui,PASSE_LEGERE_MS,LIGHT_PASS_MS,2,apps/desktop/ui-v2/src/App.svelte
ui,RACCOURCIS,SHORTCUTS,2,apps/desktop/ui-v2/src/Reglages.svelte
ui,RESERVE_FIL,THREAD_RESERVE,2,apps/desktop/ui-v2/src/App.svelte
ui,VOL_MAX,FLIGHT_MAX,2,apps/desktop/ui-v2/src/Liste.svelte
ui,agir,act,2,apps/desktop/ui-v2/src/Liste.svelte
ui,ajoutFactice,fakeAdd,2,apps/desktop/ui-v2/src/lib/transport.js
ui,annuler,cancel,2,apps/desktop/ui-v2/src/ModaleMigration.svelte
ui,apresCourrierEnvoye,afterMailSent,2,apps/desktop/ui-v2/src/App.svelte
ui,apresEnvoi,afterSend,2,apps/desktop/ui-v2/src/App.svelte
ui,armerDepart,armStart,2,apps/desktop/ui-v2/src/App.svelte
ui,avancement,progress,2,apps/desktop/ui-v2/src/ModaleMigration.svelte
ui,avis,notice,2,apps/desktop/ui-v2/src/App.svelte
ui,basculerBulles,toggleBubbles,2,apps/desktop/ui-v2/src/Reglages.svelte
ui,basculerOrganise,toggleOrganized,2,apps/desktop/ui-v2/src/App.svelte
ui,bloc,block,2,apps/desktop/ui-v2/src/Composition.svelte
ui,borne,bound,2,apps/desktop/ui-v2/src/Liste.svelte
ui,brouillonsParFil,draftsPerThread,2,apps/desktop/ui-v2/src/Liste.svelte
ui,catalogue,catalog,2,apps/desktop/ui-v2/src/lib/texte.svelte.js
ui,changerEspacement,changeSpacing,2,apps/desktop/ui-v2/src/Reglages.svelte
ui,changerExpediteur,changeSender,2,apps/desktop/ui-v2/src/Composition.svelte
ui,changerHorizon,changeHorizon,2,apps/desktop/ui-v2/src/Reglages.svelte
ui,changerLangue,changeLanguage,2,apps/desktop/ui-v2/src/Reglages.svelte
ui,changerVolets,changePanes,2,apps/desktop/ui-v2/src/Reglages.svelte
ui,chargerHorizons,loadHorizons,2,apps/desktop/ui-v2/src/Reglages.svelte
ui,chargerNoms,loadNames,2,apps/desktop/ui-v2/src/App.svelte
ui,chargerReperes,loadMarkers,2,apps/desktop/ui-v2/src/App.svelte
ui,chargerSignatures,loadSignatures,2,apps/desktop/ui-v2/src/Reglages.svelte
ui,chemin,path,2,apps/desktop/ui-v2/src/Fil.svelte
ui,choisirTheme,chooseTheme,2,apps/desktop/ui-v2/src/Onboarding.svelte
ui,choixARenommer,choiceToRename,2,apps/desktop/ui-v2/src/lib/theme.js
ui,cibleDe,targetFrom,2,apps/desktop/ui-v2/src/App.svelte
ui,clicRangee,rowClick,2,apps/desktop/ui-v2/src/Liste.svelte
ui,compteEnvoi,sendAccount,2,apps/desktop/ui-v2/src/Composition.svelte
ui,compteRetire,accountRemoved,2,apps/desktop/ui-v2/src/App.svelte
ui,corpsHtml,bodyHtml,2,apps/desktop/ui-v2/src/Composition.svelte
ui,corpsVide,bodyEmpty,2,apps/desktop/ui-v2/src/Composition.svelte
ui,correspondant,contact,2,apps/desktop/ui-v2/src/Liste.svelte
ui,dateAbsolue,absoluteDate,2,apps/desktop/ui-v2/src/lib/quand.js
ui,dateLongue,longDate,2,apps/desktop/ui-v2/src/lib/invitation.js
ui,defaut,fallback,2,apps/desktop/ui-v2/src/Fil.svelte
ui,destinataires,recipients,2,apps/desktop/ui-v2/src/Fil.svelte
ui,dossiers,folders,2,apps/desktop/ui-v2/src/Nav.svelte
ui,enregistrer,save,2,apps/desktop/ui-v2/src/Fil.svelte
ui,enregistrerBrouillon,saveDraft,2,apps/desktop/ui-v2/src/Composition.svelte
ui,epingle,pin,2,apps/desktop/ui-v2/src/lib/fil.svelte.js
ui,estChoisie,isChosen,2,apps/desktop/ui-v2/src/Liste.svelte
ui,estCochee,isChecked,2,apps/desktop/ui-v2/src/Liste.svelte
ui,estDeconnecte,isDisconnected,2,apps/desktop/ui-v2/src/Reglages.svelte
ui,estMicrosoft,isMicrosoft,2,apps/desktop/ui-v2/src/GuichetCompte.svelte
ui,faire,run,2,apps/desktop/ui-v2/src/lib/clavier.js
ui,haut,top,2,apps/desktop/ui-v2/src/Kiosque.svelte
ui,horsFenetre,offWindow,2,apps/desktop/ui-v2/src/Kiosque.svelte
ui,indexPour,indexFor,2,apps/desktop/ui-v2/src/Liste.svelte
ui,installerMaj,installUpdate,2,apps/desktop/ui-v2/src/Reglages.svelte
ui,lancerCouture,startSeam,2,apps/desktop/ui-v2/src/Liste.svelte
ui,lancerTotal,startTotal,2,apps/desktop/ui-v2/src/Liste.svelte
ui,lettres,letters,2,apps/desktop/ui-v2/src/lib/initiales.js
ui,libelleRoutage,routingLabel,2,apps/desktop/ui-v2/src/Reglages.svelte
ui,lignesOrdonnees,orderedRows,2,apps/desktop/ui-v2/src/Liste.svelte
ui,memeJour,sameDay,2,apps/desktop/ui-v2/src/lib/invitation.js
ui,mesurerFenetre,measureWindow,2,apps/desktop/ui-v2/src/Kiosque.svelte
ui,nbMessages,messageCount,2,apps/desktop/ui-v2/src/Fil.svelte
ui,nomAdrPorte,carriedNameAddr,2,apps/desktop/ui-v2/src/Fil.svelte
ui,osSombre,osDark,2,apps/desktop/ui-v2/src/lib/theme.js
ui,ouvrirDiffere,openDeferred,2,apps/desktop/ui-v2/src/Composition.svelte
ui,ouvrirGestes,openGestures,2,apps/desktop/ui-v2/src/Liste.svelte
ui,ouvrirHorizon,openHorizon,2,apps/desktop/ui-v2/src/Reglages.svelte
ui,ouvrirModifier,openEdit,2,apps/desktop/ui-v2/src/Reglages.svelte
ui,ouvrirNom,openName,2,apps/desktop/ui-v2/src/Reglages.svelte
ui,ouvrirRepere,openMarker,2,apps/desktop/ui-v2/src/Reglages.svelte
ui,pageUtile,usefulPage,2,apps/desktop/ui-v2/src/Liste.svelte
ui,panneFactice,fakeFailure,2,apps/desktop/ui-v2/src/lib/transport.js
ui,peutSupprimer,canDelete,2,apps/desktop/ui-v2/src/Composition.svelte
ui,poidsTotal,totalWeight,2,apps/desktop/ui-v2/src/Composition.svelte
ui,programmerEnvoi,scheduleSend,2,apps/desktop/ui-v2/src/Composition.svelte
ui,rapatrierTout,retrieveAll,2,apps/desktop/ui-v2/src/Composition.svelte
ui,rattraperApercus,backfillPreviews,2,apps/desktop/ui-v2/src/App.svelte
ui,registreGroupe,paperTrailGroup,2,apps/desktop/ui-v2/src/App.svelte
ui,reintegrer,reinstate,2,apps/desktop/ui-v2/src/Portier.svelte
ui,renvoyerAuPortier,sendBackToScreener,2,apps/desktop/ui-v2/src/Reglages.svelte
ui,reste,remaining,2,apps/desktop/ui-v2/src/Composition.svelte
ui,retard,lag,2,apps/desktop/ui-v2/src/App.svelte
ui,retirerExpediteurImages,removeImageSender,2,apps/desktop/ui-v2/src/Reglages.svelte
ui,retirerRepere,removeMarker,2,apps/desktop/ui-v2/src/Reglages.svelte
ui,routerAdresse,routeAddress,2,apps/desktop/ui-v2/src/App.svelte
ui,sauverSeul,saveAlone,2,apps/desktop/ui-v2/src/Composition.svelte
ui,servirPage,servePage,2,apps/desktop/ui-v2/src/Liste.svelte
ui,sujetTr,fwdSubject,2,apps/desktop/ui-v2/src/Composition.svelte
ui,supprimerBrouillon,deleteDraft,2,apps/desktop/ui-v2/src/Composition.svelte
ui,surAjout,onAdd,2,apps/desktop/ui-v2/src/Onboarding.svelte
ui,surFrappeCorps,onBodyKeystroke,2,apps/desktop/ui-v2/src/Composition.svelte
ui,surOnglet,onTab,2,apps/desktop/ui-v2/src/App.svelte
ui,surTouche,onKey,2,apps/desktop/ui-v2/src/App.svelte
ui,temoinLu,readWitness,2,apps/desktop/ui-v2/src/Kiosque.svelte
ui,texteEnHtml,textAsHtml,2,apps/desktop/ui-v2/src/Composition.svelte
ui,tousDeplies,allExpanded,2,apps/desktop/ui-v2/src/Fil.svelte
ui,unePasse,onePass,2,apps/desktop/ui-v2/src/ModaleMigration.svelte
ui,LANGUES,LANGUAGES,1,apps/desktop/ui-v2/src/lib/texte.svelte.js
ui,LIBELLE_ECARTE,SCREENED_OUT_LABEL,1,apps/desktop/ui-v2/src/lib/portier.js
ui,MARQUE,BRAND,1,apps/desktop/ui-v2/src/lib/icones.js
ui,PERIMETRES_NETTOYAGE,CLEANUP_SCOPES,1,apps/desktop/ui-v2/src/lib/vocabulaires.js
ui,PLAGES_NETTOYAGE,CLEANUP_RANGES,1,apps/desktop/ui-v2/src/lib/vocabulaires.js
ui,REPERES,MARKERS,1,apps/desktop/ui-v2/src/lib/icones.js
ui,REPERE_ICONES,MARKER_ICONS,1,apps/desktop/ui-v2/src/lib/reperes.js
ui,REPERE_TEINTES,MARKER_HUES,1,apps/desktop/ui-v2/src/lib/reperes.js
ui,accueilCommence,onboardingStarted,1,apps/desktop/ui-v2/src/lib/accueil.js
ui,accueilFait,onboardingDone,1,apps/desktop/ui-v2/src/lib/accueil.js
ui,afficherImages,showImages,1,apps/desktop/ui-v2/src/lib/fil.svelte.js
ui,allerEtServir,goAndServe,1,apps/desktop/ui-v2/src/Liste.svelte
ui,basculerModeOrganise,toggleOrganizedMode,1,apps/desktop/ui-v2/src/lib/organise.svelte.js
ui,blocBoite,mailboxBlock,1,apps/desktop/ui-v2/src/lib/boite.js
ui,brancherLiens,wireLinks,1,apps/desktop/ui-v2/src/lib/liens.js
ui,cacheNoms,hiddenNames,1,apps/desktop/ui-v2/src/lib/fil.svelte.js
ui,cleLibelleBoite,mailboxLabelKey,1,apps/desktop/ui-v2/src/lib/organise.svelte.js
ui,comparateurTri,sortComparator,1,apps/desktop/ui-v2/src/lib/tri.js
ui,decocher,uncheck,1,apps/desktop/ui-v2/src/Liste.svelte
ui,defautLargeur,defaultWidth,1,apps/desktop/ui-v2/src/lib/largeurs.svelte.js
ui,depuis,since,1,apps/desktop/ui-v2/src/lib/quand.js
ui,enSelection,selecting,1,apps/desktop/ui-v2/src/Liste.svelte
ui,espacementActuel,currentSpacing,1,apps/desktop/ui-v2/src/lib/espacement.svelte.js
ui,kickerInvitation,invitationKicker,1,apps/desktop/ui-v2/src/lib/invitation.js
ui,langueActuelle,currentLanguage,1,apps/desktop/ui-v2/src/lib/texte.svelte.js
ui,lieuOrganisateur,organizerLocation,1,apps/desktop/ui-v2/src/lib/invitation.js
ui,ligneRepondant,attendeeLine,1,apps/desktop/ui-v2/src/lib/invitation.js
ui,marquerAccueilCommence,markOnboardingStarted,1,apps/desktop/ui-v2/src/lib/accueil.js
ui,marquerDemarrage,markStartup,1,apps/desktop/ui-v2/src/App.svelte
ui,modeOrganise,organizedMode,1,apps/desktop/ui-v2/src/lib/organise.svelte.js
ui,moyen,medium,1,apps/desktop/ui-v2/src/lib/espacement.svelte.js
ui,nettoyage,cleanup,1,apps/desktop/ui-v2/src/lib/icones.js
ui,ouvrirBrouillon,openDraft,1,apps/desktop/ui-v2/src/Composition.svelte
ui,ouvrirFil,openThread,1,apps/desktop/ui-v2/src/lib/fil.svelte.js
ui,padRangee,rowPad,1,apps/desktop/ui-v2/src/lib/espacement.svelte.js
ui,portier,screener,1,apps/desktop/ui-v2/src/lib/icones.js
ui,poserLangueDetectee,setDetectedLanguage,1,apps/desktop/ui-v2/src/lib/texte.svelte.js
ui,puceInvitation,invitationChip,1,apps/desktop/ui-v2/src/lib/invitation.js
ui,quandInvitation,whenInvitation,1,apps/desktop/ui-v2/src/lib/invitation.js
ui,quandLong,whenLong,1,apps/desktop/ui-v2/src/lib/quand.js
ui,restaurerLangue,restoreLanguage,1,apps/desktop/ui-v2/src/lib/texte.svelte.js
ui,retirerMessage,removeMessage,1,apps/desktop/ui-v2/src/lib/fil.svelte.js
ui,selectionner,select,1,apps/desktop/ui-v2/src/Liste.svelte
ui,semaine,week,1,apps/desktop/ui-v2/src/lib/invitation.js
ui,statutInvitation,invitationStatus,1,apps/desktop/ui-v2/src/lib/invitation.js
ui,themeAffiche,displayedTheme,1,apps/desktop/ui-v2/src/lib/theme.js
ui,titre,title,1,apps/desktop/ui-v2/src/lib/boite.js
ui,toujoursAfficherImages,alwaysShowImages,1,apps/desktop/ui-v2/src/lib/fil.svelte.js
ui,toutDeplier,allExpand,1,apps/desktop/ui-v2/src/lib/fil.svelte.js
ui,toutReplier,allCollapse,1,apps/desktop/ui-v2/src/lib/fil.svelte.js
ui,tuileInvitation,invitationTile,1,apps/desktop/ui-v2/src/lib/invitation.js
ui,voletsActuels,currentPanes,1,apps/desktop/ui-v2/src/lib/volets.svelte.js
ui,vueMelange,mixedView,1,apps/desktop/ui-v2/src/lib/boite.js
ui,taille,size,0,leftover-E5b
ui,organise,organized,0,leftover-E5b
ui,nouvelle,newRow,0,leftover-E5b
ui,estIndesirable,isJunk,0,leftover-E5b
ui,nouveauMode,newMode,0,leftover-E5b
ui,routage,routing,0,leftover-E5b
ui,couleur,color,0,leftover-E5b
ui,pastilles,swatches,0,leftover-E5b
ui,plafond,cap,0,leftover-E5b
ui,avecImages,withImages,0,leftover-E5b
ui,entrees,entries,0,leftover-E5b
ui,rangee,row,0,leftover-E5b
ui,ajoutPrincipal,mainAdd,0,leftover-E5b
ui,colonnes,columns,0,leftover-E5b
ui,blocCarte,cardBlock,0,leftover-E5b
ui,synchroFournie,providedSync,0,leftover-E5b
ui,etatFourni,providedState,0,leftover-E5b
ui,depuisFil,fromThread,0,leftover-E5b
ui,mot,word,0,leftover-E5b
ui,enRecherche,searching,0,leftover-E5b
ui,ancien,oldId,0,leftover-E5b
ui,neuf,newId,0,leftover-E5b
ui,versVolet,toPane,0,leftover-E5b
ui,arrivee,arrival,0,leftover-E5b
ui,cheminParDefaut,defaultPath,0,leftover-E5b
ui,moisIndex,monthIndex,0,leftover-E5b
ui,dansEpingles,inPins,0,leftover-E5b
ui,historique,history,0,leftover-E5b
ui,appliquerATous,applyToAll,0,leftover-E5b
ui,gauche,left,0,leftover-E5b
ui,annulee,cancelled,0,leftover-E5b
ui,dessin,drawing,0,leftover-E5b
ui,selectionnee,selectedRow,0,leftover-E5b
ui,deplies,expanded,0,leftover-E5b
ui,abouti,succeeded,0,leftover-E5b
ui,choisirDestination,chooseDestination,0,leftover-E5b
ui,epinglable,pinnable,0,leftover-E5b
ui,ecartesTries,sortedScreenedOut,0,leftover-E5b
ui,bornee,bounded,0,leftover-E5b
ui,niveau,level,0,leftover-E5b
ui,suffixe,suffix,0,leftover-E5b
ui,mien,mine,0,leftover-E5b
ui,observateur,observer,0,leftover-E5b
ui,neuves,fresh,0,leftover-E5b
ui,rayon,radius,0,leftover-E5b
ui,tuile,tile,0,leftover-E5b
ui,saisiePoignee,handleGrab,0,leftover-E5b
ui,poignee,handle,0,leftover-E5b
ui,libelle,label,0,leftover-E5b
ui,qui,who,0,leftover-E5b
ui,resultats,results,0,leftover-E5b
ui,servieA,servedAt,0,leftover-E5b
ui,evenement,event,0,leftover-E5b
ui,onenvoye,onsent,0,inventory-E5b
ui,onbrouillon,ondraft,0,inventory-E5b
ui,oncourrier,onmail,0,inventory-E5b
ui,libelleDe,labelFor,0,inventory-E5b
ui,rapatriements,retrievals,0,inventory-E5b
ui,minuterie,timer,0,inventory-E5b
ui,segmentCourant,currentSegment,0,inventory-E5b
ui,trouvees,found,0,inventory-E5b
ui,insererSuggestion,insertSuggestion,0,inventory-E5b
ui,choisie,pick,0,inventory-E5b
ui,valeurs,values,0,inventory-E5b
ui,morceaux,parts,0,inventory-E5b
ui,echappe,escaped,0,inventory-E5b
ui,connu,known,0,inventory-E5b
ui,choisi,chosen,0,inventory-E5b
ui,mienne,mine,0,inventory-E5b
ui,lue,loaded,0,inventory-E5b
ui,sigRepliques,repliesSig,0,inventory-E5b
ui,contexte,context,0,inventory-E5b
ui,prenom,firstName,0,inventory-E5b
ui,citation,quote,0,inventory-E5b
ui,citationNette,cleanQuote,0,inventory-E5b
ui,contenu,content,0,inventory-E5b
ui,lues,fetched,0,inventory-E5b
ui,echeance,deadline,0,inventory-E5b
ui,poidsHumain,humanWeight,0,inventory-E5b
ui,octets,bytes,0,inventory-E5b
ui,somme,sum,0,inventory-E5b
ui,joindre,attach,0,inventory-E5b
ui,choisirFichiers,chooseFiles,0,inventory-E5b
ui,retirer,remove,0,inventory-E5b
ui,rapatrierUne,retrieveOne,0,inventory-E5b
ui,reessayer,retry,0,inventory-E5b
ui,renoncer,giveUp,0,inventory-E5b
ui,actifs,activeFormats,0,inventory-E5b
ui,gras,bold,0,inventory-E5b
ui,italique,italic,0,inventory-E5b
ui,souligne,underline,0,inventory-E5b
ui,puces,bulletList,0,inventory-E5b
ui,numerotee,numberedList,0,inventory-E5b
ui,initiales,initials,0,inventory-E5b
ui,composantes,components,0,inventory-E5b
ui,quel,which,0,inventory-E5b
ui,flottante,floating,0,inventory-E5b
ui,ton,tone,0,inventory-E5b
ui,captes,captured,0,inventory-E5b
ui,ancre,anchor,0,inventory-E5b
ui,bascule,toggling,0,inventory-E5b
ui,VALEURS,VALUES,0,inventory-E5b
ui,LIBELLE_DESTINATION,DESTINATION_LABEL,0,inventory-E5b
ui,epochDe,epochOf,0,inventory-E5b
ui,quiDe,whoOf,0,inventory-E5b
ui,CRANS,NOTCHES,0,inventory-E5b
ui,NIVEAUX,LEVELS,0,inventory-E5b
ui,FICHES,THEME_CARDS,0,inventory-E5b
ui,poser,setThemeAttribute,0,inventory-E5b
ui,refleter,reflectTheme,0,inventory-E5b
ui,suiviOs,osTracking,0,inventory-E5b
ui,appliquerSuiviOs,applyOsTracking,0,inventory-E5b
ui,maintenant,now,0,inventory-E5b
ui,ecart,elapsed,0,inventory-E5b
ui,quantieme,ordinalDay,0,inventory-E5b
ui,connectes,connected,0,inventory-E5b
ui,onrepere,onmarker,0,inventory-E5b
ui,onnom,onname,0,inventory-E5b
ui,onajoute,onadd,0,inventory-E5b
ui,onsupprime,onremove,0,inventory-E5b
ui,onreconnecte,onreconnect,0,inventory-E5b
ui,onroutage,onrouting,0,inventory-E5b
ui,onfermer,onclose,0,inventory-E5b
ui,HORIZONS_IMPORT,IMPORT_HORIZONS,0,inventory-E5b
ui,suivre,track,0,inventory-E5b
ui,retrait,removalTarget,0,inventory-E5b
ui,retraitOccupe,removalBusy,0,inventory-E5b
ui,filtre,filter,0,inventory-E5b
ui,rouvre,reopening,0,inventory-E5b
ui,reconnexion,reconnection,0,inventory-E5b
ui,reconnecter,reconnect,0,inventory-E5b
ui,confirmerRetrait,confirmRemoval,0,inventory-E5b
ui,choisir,choose,0,inventory-E5b
ui,basculerAuto,toggleAuto,0,inventory-E5b
ui,voulu,wanted,0,inventory-E5b
ui,effacerSignature,clearSignature,0,inventory-E5b
ui,basculerRepliques,toggleReplies,0,inventory-E5b
ui,fiche,card,0,inventory-E5b
ui,melange,mixed,0,inventory-E5b
ui,onreprendre,onresume,0,inventory-E5b
ui,onarchiver,onarchive,0,inventory-E5b
ui,onsupprimer,ondelete,0,inventory-E5b
ui,onrepondre,onreply,0,inventory-E5b
ui,onrepondretous,onreplyall,0,inventory-E5b
ui,ontransferer,onforward,0,inventory-E5b
ui,onnonspam,onnotspam,0,inventory-E5b
ui,onagrandir,onenlarge,0,inventory-E5b
ui,onepingler,onpin,0,inventory-E5b
ui,ondeplacer,onmove,0,inventory-E5b
ui,oncote,onsetaside,0,inventory-E5b
ui,perime,stale,0,inventory-E5b
ui,retenu,kept,0,inventory-E5b
ui,annuaire,directory,0,inventory-E5b
ui,vise,target,0,inventory-E5b
ui,enregistrements,savesInFlight,0,inventory-E5b
ui,epuise,exhausted,0,inventory-E5b
ui,servi,served,0,inventory-E5b
ui,nee,capturedGen,0,inventory-E5b
ui,neeSource,capturedSource,0,inventory-E5b
ui,anciennes,previous,0,inventory-E5b
ui,fraiches,fresh,0,inventory-E5b
ui,hauteurs,heights,0,inventory-E5b
ui,toujours,always,0,inventory-E5b
ui,resservir,serveAgain,0,inventory-E5b
ui,basculerPli,toggleCollapse,0,inventory-E5b
ui,siennes,theirCards,0,inventory-E5b
ui,temoins,witnesses,0,inventory-E5b
ui,marquees,marked,0,inventory-E5b
ui,temoin,witness,0,inventory-E5b
ui,onchanger,onchange,0,inventory-E5b
ui,prete,ready,0,inventory-E5b
ui,navPrete,navReady,0,inventory-E5b
ui,onglet,tab,0,inventory-E5b
ui,nResultats,resultCount,0,inventory-E5b
ui,activite,activity,0,inventory-E5b
ui,saisirPoignee,grabHandle,0,inventory-E5b
ui,glisserPoignee,dragHandle,0,inventory-E5b
ui,relacherPoignee,releaseHandle,0,inventory-E5b
ui,toucherPoignee,keyHandle,0,inventory-E5b
ui,choisirDuTiroir,chooseFromDrawer,0,inventory-E5b
ui,quoi,what,0,inventory-E5b
ui,envoisProgrammes,scheduledSends,0,inventory-E5b
ui,navRecente,navRecent,0,inventory-E5b
ui,instantaneFourni,providedSnapshot,0,inventory-E5b
ui,instantane,snapshot,0,inventory-E5b
ui,apercusEnCours,previewsInProgress,0,inventory-E5b
ui,restants,remainingOnes,0,inventory-E5b
ui,restant,remaining,0,inventory-E5b
ui,minuterieProgramme,scheduledTimer,0,inventory-E5b
ui,sonderEnvois,probeSends,0,inventory-E5b
ui,refusees,refused,0,inventory-E5b
ui,programme,scheduledEntry,0,inventory-E5b
ui,principale,primary,0,inventory-E5b
ui,verifierTelemetrie,checkTelemetry,0,inventory-E5b
ui,rapports,reports,0,inventory-E5b
ui,consentement,consent,0,inventory-E5b
ui,trancher,decide,0,inventory-E5b
ui,connecter,connect,0,inventory-E5b
ui,sonderActivite,probeActivity,0,inventory-E5b
ui,IMMOBILITE_MAX,STALL_MAX_MS,0,inventory-E5b
ui,synchroniser,runSyncCycle,0,inventory-E5b
ui,surveiller,monitor,0,inventory-E5b
ui,baseClaire,dbReady,0,inventory-E5b
ui,assurer,ensure,0,inventory-E5b
ui,resservieRecente,reloadRecent,0,inventory-E5b
ui,reussies,succeeded,0,inventory-E5b
ui,spamRefuse,spamRefused,0,inventory-E5b
ui,saisie,typing,0,inventory-E5b
ui,onchoisir,onchoose,0,inventory-E5b
ui,onouvrir,onopen,0,inventory-E5b
ui,onrouter,onroute,0,inventory-E5b
ui,ononglet,ontab,0,inventory-E5b
ui,ongroupe,ongroup,0,inventory-E5b
ui,onresultats,onresults,0,inventory-E5b
ui,onretour,onback,0,inventory-E5b
ui,onecrire,oncompose,0,inventory-E5b
ui,complet,complete,0,inventory-E5b
ui,onfini,onfinish,0,inventory-E5b
ui,couture,seam,0,inventory-E5b
ui,H_ENTETE,H_HEADER,0,inventory-E5b
ui,entetes,headers,0,inventory-E5b
ui,positionsEntetes,headerPositions,0,inventory-E5b
ui,decalage,offset,0,inventory-E5b
ui,courante,current,0,inventory-E5b
ui,sourceRepondue,sourceAnswered,0,inventory-E5b
ui,extraPuce,extraChip,0,inventory-E5b
ui,pleine,fullPage,0,inventory-E5b
ui,corrige,corrected,0,inventory-E5b
ui,candidats,candidates,0,inventory-E5b
ui,pomper,pump,0,inventory-E5b
ui,hauteurEspace,spaceHeight,0,inventory-E5b
ui,ancreCran,anchorStep,0,inventory-E5b
ui,visibles,visibleCount,0,inventory-E5b
ui,vivant,alive,0,inventory-E5b
ui,echoue,failed,0,inventory-E5b
ui,promesse,promise,0,inventory-E5b
ui,MAX_RESULTATS,MAX_RESULTS,0,inventory-E5b
ui,cochees,checkedRows,0,inventory-E5b
ui,basculer,toggle,0,inventory-E5b
ui,flot,stream,0,inventory-E5b
ui,etendre,extend,0,inventory-E5b
ui,ordre,order,0,inventory-E5b
ui,coutureServieA,seamServedAt,0,inventory-E5b
ui,aPuces,hasChips,0,inventory-E5b
ui,ONGLETS,TABS,0,inventory-E5b
ui,attentes,waits,0,inventory-E5b
ui,epinglee,pinned,0,inventory-E5b
ui,puce,chip,0,inventory-E5b
ui,APERCUS,PREVIEWS,0,inventory-E5b
ui,apercu3,preview3,0,inventory-E5b
ui,apercu2,preview2,0,inventory-E5b
ui,apercu1,preview1,0,inventory-E5b
ui,continuer,proceed,0,inventory-E5b
ui,progression,progress,0,inventory-E5b
ui,occupe,busy,0,inventory-E5b
ui,decider,decide,0,inventory-E5b
ui,pourcent,percent,0,inventory-E5b
ui,PLAGES,RANGES,0,inventory-E5b
ui,PERIMETRES,SCOPES,0,inventory-E5b
ui,ecartes,screenedOut,0,inventory-E5b
ui,rang,entry,0,inventory-E5b
ui,ongenerique,ongeneric,0,inventory-E5b
ui,generique,generic,0,inventory-E5b
ui,imapHote,imapHost,0,inventory-E5b
ui,smtpHote,smtpHost,0,inventory-E5b
ui,domaine,domain,0,inventory-E5b
ui,eventail,fan,0,inventory-E5b
ui,tableau,board,0,inventory-E5b
ui,annulable,cancelable,0,inventory-E5b
ui,sondage,pollTimer,0,inventory-E5b
ui,migree,migrated,0,inventory-E5b
ui,absolu,absolute,0,inventory-E5b
ui,declencheur,trigger,0,inventory-E5b
ui,clic,click,0,inventory-E5b
ui,TRIS,SORTS,0,inventory-E5b
ui,courant,current,0,inventory-E5b
ui,hauteur,height,0,inventory-E5b
ui,miroir,mirror,0,inventory-E5b
ui,disque,dot,0,inventory-E5b
ui,pleins,dots,0,inventory-E5b
ui,remplis,filled,0,inventory-E5b
ui,desactivee,disabled,0,inventory-E5b
